date,repo,type,event,number,title,url
2026-04-06,fullsend,issue,closed,148,"Notify Slack via webhook when PRs touching ADRs are merged",https://github.com/fullsend-ai/fullsend/issues/148
2026-04-06,fullsend,issue,closed,56,"Explore ambient-code/platform and evaluate relevance to fullsend",https://github.com/fullsend-ai/fullsend/issues/56
2026-04-06,fullsend,issue,closed,64,"Explore AgentGateway and evaluate relevance to fullsend",https://github.com/fullsend-ai/fullsend/issues/64
2026-04-06,fullsend,pr,closed,158,"feat(e2e): implement working admin e2e tests with Playwright",https://github.com/fullsend-ai/fullsend/pull/158
2026-04-06,fullsend,pr,merged,105,"ADR 0006: Forge abstraction layer",https://github.com/fullsend-ai/fullsend/pull/105
2026-04-06,fullsend,pr,merged,110,"docs: Ambient Code Platform notes in agent infrastructure",https://github.com/fullsend-ai/fullsend/pull/110
2026-04-06,fullsend,pr,merged,111,"docs: contextualize Kubernetes SIG Agent Sandbox vs fullsend",https://github.com/fullsend-ai/fullsend/pull/111
2026-04-06,fullsend,pr,merged,112,"docs: Agent Gateway in landscape and cross-links",https://github.com/fullsend-ai/fullsend/pull/112
2026-04-06,fullsend,pr,merged,167,"fix: revert PR #142, merge correct admin CLI (PR #160), add e2e tests",https://github.com/fullsend-ai/fullsend/pull/167
2026-04-06,fullsend,pr,merged,168,"experiment: pluggable guardrails evaluation for Story 6",https://github.com/fullsend-ai/fullsend/pull/168
2026-04-06,fullsend,pr,merged,175,"docs: ADR 0011 — canonical org config.yaml v1 (SPEC + schema)",https://github.com/fullsend-ai/fullsend/pull/175
2026-04-06,fullsend,pr,merged,176,"docs: ADR 0012 — normative v1 files under .fullsend",https://github.com/fullsend-ai/fullsend/pull/176
2026-04-06,fullsend,pr,merged,177,"docs(adr): ADR 0014 — GitHub Apps and .fullsend credential surface (v1)",https://github.com/fullsend-ai/fullsend/pull/177
2026-04-06,fullsend,pr,merged,183,"Add Slack notification workflow for merged ADR changes",https://github.com/fullsend-ai/fullsend/pull/183
2026-04-06,fullsend,pr,opened,182,"docs: ADR 0015 docs/normative/ convention + writing-adrs skill",https://github.com/fullsend-ai/fullsend/pull/182
2026-04-06,fullsend,pr,opened,183,"Add Slack notification workflow for merged ADR changes",https://github.com/fullsend-ai/fullsend/pull/183
2026-04-06,fullsend,pr,opened,184,"docs: Add contribution volume problem area from Vibe Maintainer analysis",https://github.com/fullsend-ai/fullsend/pull/184
2026-04-06,fullsend,pr,opened,185,"docs: Add Gas City analysis and ZFC to landscape",https://github.com/fullsend-ai/fullsend/pull/185
2026-04-06,fullsend,pr,opened,186,"Credential isolation for sandboxed agents",https://github.com/fullsend-ai/fullsend/pull/186
2026-04-06,fullsend,pr,opened,187,"feat(agents): add retro agent and supporting skills",https://github.com/fullsend-ai/fullsend/pull/187
2026-04-06,fullsend,pr,opened,188,"docs: design spec for static fullsend admin installation SPA",https://github.com/fullsend-ai/fullsend/pull/188
2026-04-07,fullsend,issue,opened,195,"Story 10: Per-repo configuration overrides: use cases, merging rules, and protected-key enforcement",https://github.com/fullsend-ai/fullsend/issues/195
2026-04-07,fullsend,issue,opened,196,"Evaluate OpenShell providers + L7 egress policies as alternative to host-side REST server for credential isolation",https://github.com/fullsend-ai/fullsend/issues/196
2026-04-07,fullsend,issue,opened,197,"Story 9: Fix Agent",https://github.com/fullsend-ai/fullsend/issues/197
2026-04-07,fullsend,issue,opened,199,"task: experiment - do subagents use unlisted skills?",https://github.com/fullsend-ai/fullsend/issues/199
2026-04-07,fullsend,issue,opened,200,"feat: Configurable `model` field for subagents",https://github.com/fullsend-ai/fullsend/issues/200
2026-04-07,fullsend,pr,closed,107,"ADR 0008: Reusable workflows for credential isolation (undecided)",https://github.com/fullsend-ai/fullsend/pull/107
2026-04-07,fullsend,pr,closed,108,"ADR 0009: GitHub App for agent identity and ephemeral credentials (undecided)",https://github.com/fullsend-ai/fullsend/pull/108
2026-04-07,fullsend,pr,closed,190,"test: add regression tests for redirect_url in manifest JSON",https://github.com/fullsend-ai/fullsend/pull/190
2026-04-07,fullsend,pr,closed,192,"fix: e2e Makefile session path + redirect_url regression tests",https://github.com/fullsend-ai/fullsend/pull/192
2026-04-07,fullsend,pr,closed,37,"Add agent observability problem document with Langfuse analysis",https://github.com/fullsend-ai/fullsend/pull/37
2026-04-07,fullsend,pr,merged,104,"ADR 0005: Unidirectional control flow through the execution stack",https://github.com/fullsend-ai/fullsend/pull/104
2026-04-07,fullsend,pr,merged,106,"ADR 0007: GitHub Actions as initial execution platform",https://github.com/fullsend-ai/fullsend/pull/106
2026-04-07,fullsend,pr,merged,119,"experiment: GitHub Actions agent runtime MVP",https://github.com/fullsend-ai/fullsend/pull/119
2026-04-07,fullsend,pr,merged,178,"docs: ADR 0013 — admin install enrollment v1 (normative SPEC)",https://github.com/fullsend-ai/fullsend/pull/178
2026-04-07,fullsend,pr,merged,182,"docs: ADR 0015 docs/normative/ convention + writing-adrs skill",https://github.com/fullsend-ai/fullsend/pull/182
2026-04-07,fullsend,pr,merged,185,"docs: Add Gas City analysis and ZFC to landscape",https://github.com/fullsend-ai/fullsend/pull/185
2026-04-07,fullsend,pr,merged,188,"docs: design spec for static fullsend admin installation SPA",https://github.com/fullsend-ai/fullsend/pull/188
2026-04-07,fullsend,pr,merged,191,"fix: notify-adr-slack silently passed despite gh pr diff failure",https://github.com/fullsend-ai/fullsend/pull/191
2026-04-07,fullsend,pr,merged,198,"fix: use pull_request_target for Slack ADR notification",https://github.com/fullsend-ai/fullsend/pull/198
2026-04-07,fullsend,pr,merged,28,"Add multi-agent framework landscape analysis",https://github.com/fullsend-ai/fullsend/pull/28
2026-04-07,fullsend,pr,merged,38,"Add operational observability problem document",https://github.com/fullsend-ai/fullsend/pull/38
2026-04-07,fullsend,pr,opened,189,"Add code agent definition and skill",https://github.com/fullsend-ai/fullsend/pull/189
2026-04-07,fullsend,pr,opened,190,"test: add regression tests for redirect_url in manifest JSON",https://github.com/fullsend-ai/fullsend/pull/190
2026-04-07,fullsend,pr,opened,191,"fix: notify-adr-slack silently passed despite gh pr diff failure",https://github.com/fullsend-ai/fullsend/pull/191
2026-04-07,fullsend,pr,opened,192,"fix: e2e Makefile session path + redirect_url regression tests",https://github.com/fullsend-ai/fullsend/pull/192
2026-04-07,fullsend,pr,opened,193,"fix: org secret visibility, e2e Makefile, redirect_url regression tests",https://github.com/fullsend-ai/fullsend/pull/193
2026-04-07,fullsend,pr,opened,194,"Rename implementation agent to code agent across the repo",https://github.com/fullsend-ai/fullsend/pull/194
2026-04-07,fullsend,pr,opened,198,"fix: use pull_request_target for Slack ADR notification",https://github.com/fullsend-ai/fullsend/pull/198
2026-04-07,fullsend,pr,opened,201,"ADR-0024 harness definitions",https://github.com/fullsend-ai/fullsend/pull/201
2026-04-07,fullsend,pr,opened,202,"docs: add issue type requirement to filing-issues skill",https://github.com/fullsend-ai/fullsend/pull/202
2026-04-13,fullsend,issue,opened,228,"docs: add Caveman to landscape analysis",https://github.com/fullsend-ai/fullsend/issues/228
2026-04-13,fullsend,pr,closed,227,"Admin SPA phase 1: docs, site deploy, OAuth experiment",https://github.com/fullsend-ai/fullsend/pull/227
2026-04-13,fullsend,pr,merged,210,"Add upload of artifacts. Prep for MVP.",https://github.com/fullsend-ai/fullsend/pull/210
2026-04-13,fullsend,pr,opened,227,"Admin SPA phase 1: docs, site deploy, OAuth experiment",https://github.com/fullsend-ai/fullsend/pull/227
2026-04-13,fullsend,pr,opened,229,"docs: add Caveman to landscape analysis",https://github.com/fullsend-ai/fullsend/pull/229
2026-04-13,fullsend,pr,opened,230,"fix: harden entrypoint output handling in fullsend action",https://github.com/fullsend-ai/fullsend/pull/230
2026-04-13,fullsend,pr,opened,231,"Add fullsend run agent command and experiment for test it",https://github.com/fullsend-ai/fullsend/pull/231
2026-04-14,fullsend,pr,merged,217,"Fix org secret visibility to always use selected",https://github.com/fullsend-ai/fullsend/pull/217
2026-04-14,fullsend,pr,merged,218,"Fix enrollment analyze reporting not-installed with no repos",https://github.com/fullsend-ai/fullsend/pull/218
2026-04-14,fullsend,pr,merged,229,"docs: add Caveman to landscape analysis",https://github.com/fullsend-ai/fullsend/pull/229
2026-04-14,fullsend,pr,opened,238,"Update workflows for MVP.",https://github.com/fullsend-ai/fullsend/pull/238
2026-04-19,fullsend,issue,opened,271,"Sandbox startup takes ~90–120s from openshell gateway to ready",https://github.com/fullsend-ai/fullsend/issues/271
2026-04-19,fullsend,issue,opened,272,"Agent lifecycle emoji reactions on trigger comments, issues, and PRs",https://github.com/fullsend-ai/fullsend/issues/272
2026-04-20,fullsend,issue,opened,274,"Harness model validation rejects Vertex AI @version syntax",https://github.com/fullsend-ai/fullsend/issues/274
2026-04-20,fullsend,issue,opened,276,"Collect OpenShell sandbox logs into the run output directory",https://github.com/fullsend-ai/fullsend/issues/276
2026-04-20,fullsend,issue,opened,278,"repo-maintenance should create required labels for enabled agent harnesses",https://github.com/fullsend-ai/fullsend/issues/278
2026-04-20,fullsend,issue,opened,280,"triage agent: add 'not-a-bug' action to reject invalid bug reports",https://github.com/fullsend-ai/fullsend/issues/280
2026-04-20,fullsend,issue,opened,281,"triage agent: add 'already-fixed' action to close issues resolved by existing commits",https://github.com/fullsend-ai/fullsend/issues/281
2026-04-20,fullsend,issue,opened,282,"triage agent: add 'feature-request' action to reclassify bugs as feature requests",https://github.com/fullsend-ai/fullsend/issues/282
2026-04-20,fullsend,issue,opened,283,"triage agent: streamline 'sufficient' action to LGTM instead of restating everything",https://github.com/fullsend-ai/fullsend/issues/283
2026-04-20,fullsend,issue,opened,287,"e2e: manifest flow callback times out intermittently on first role",https://github.com/fullsend-ai/fullsend/issues/287
2026-04-20,fullsend,pr,closed,170,"Experiment: triage skill comparison with oh-my-claudecode and oh-my-openagent adapters",https://github.com/fullsend-ai/fullsend/pull/170
2026-04-20,fullsend,pr,closed,243,"Add Experiment Agent V3.0 with Discovery Mode",https://github.com/fullsend-ai/fullsend/pull/243
2026-04-20,fullsend,pr,merged,239,"feat: layered prompt injection security scanning",https://github.com/fullsend-ai/fullsend/pull/239
2026-04-20,fullsend,pr,merged,250,"docs: add ADR for per-agent sandboxing of single-responsibility agents",https://github.com/fullsend-ai/fullsend/pull/250
2026-04-20,fullsend,pr,merged,262,"docs: JSONL reasoning trace exposure from sandboxed agents",https://github.com/fullsend-ai/fullsend/pull/262
2026-04-20,fullsend,pr,merged,264,"Connect installer to Stories 2/7 content (and move enrollment to a repo maintenance workflow in the .fullsend repo)",https://github.com/fullsend-ai/fullsend/pull/264
2026-04-20,fullsend,pr,merged,268,"Remove nonexistent --type flag from filing-issues skill",https://github.com/fullsend-ai/fullsend/pull/268
2026-04-20,fullsend,pr,merged,273,"Add replay-session skill",https://github.com/fullsend-ai/fullsend/pull/273
2026-04-20,fullsend,pr,merged,275,"Fix release workflow deprecation warnings",https://github.com/fullsend-ai/fullsend/pull/275
2026-04-20,fullsend,pr,merged,284,"feat: add agent progress tracking to CLI run command",https://github.com/fullsend-ai/fullsend/pull/284
2026-04-20,fullsend,pr,opened,273,"Add replay-session skill",https://github.com/fullsend-ai/fullsend/pull/273
2026-04-20,fullsend,pr,opened,275,"Fix release workflow deprecation warnings",https://github.com/fullsend-ai/fullsend/pull/275
2026-04-20,fullsend,pr,opened,277,"feat: add --vendor-fullsend-binary for dev iteration",https://github.com/fullsend-ai/fullsend/pull/277
2026-04-20,fullsend,pr,opened,279,"feat: implement triage agent (Story 3, #126)",https://github.com/fullsend-ai/fullsend/pull/279
2026-04-20,fullsend,pr,opened,284,"feat: add agent progress tracking to CLI run command",https://github.com/fullsend-ai/fullsend/pull/284
2026-04-20,fullsend,pr,opened,285,"feat: native Go ONNX prompt injection scanner with sandbox image build",https://github.com/fullsend-ai/fullsend/pull/285
2026-04-20,fullsend,pr,opened,286,"feat: add code agent scaffold, image, and push pipeline",https://github.com/fullsend-ai/fullsend/pull/286
2026-04-26,fullsend,issue,opened,449,"Fix agent: review body bypasses fullsend CLI scan stages",https://github.com/fullsend-ai/fullsend/issues/449
2026-04-26,fullsend,issue,opened,450,"Fix agent: evaluate +fix email subaddressing for commit attribution",https://github.com/fullsend-ai/fullsend/issues/450
2026-05-02,experiments,pr,merged,15,"chore: update fullsend shim workflow",https://github.com/fullsend-ai/experiments/pull/15
2026-05-02,fullsend,issue,closed,51,"Review arxiv.org/abs/2602.20021 for security threat model insights",https://github.com/fullsend-ai/fullsend/issues/51
2026-05-02,fullsend,issue,opened,609,"Ship a good default AGENTS.md in the scaffold",https://github.com/fullsend-ai/fullsend/issues/609
2026-05-02,fullsend,issue,opened,615,"Fix agent fails when HUMAN_INSTRUCTION contains shell metacharacters (|| true, $() expansion)",https://github.com/fullsend-ai/fullsend/issues/615
2026-05-02,fullsend,pr,merged,564,"feat(security): add canary token and tool allowlist sandbox hooks",https://github.com/fullsend-ai/fullsend/pull/564
2026-05-02,fullsend,pr,merged,578,"docs: integrate 'Agents of Chaos' findings into security threat model",https://github.com/fullsend-ai/fullsend/pull/578
2026-05-02,fullsend,pr,opened,610,"feat: embed agent role icons",https://github.com/fullsend-ai/fullsend/pull/610
2026-05-02,fullsend,pr,opened,611,"feat: Playwright as default installer mechanism",https://github.com/fullsend-ai/fullsend/pull/611
2026-05-02,fullsend,pr,opened,612,"feat(images): multi-arch (amd64 + arm64) sandbox images",https://github.com/fullsend-ai/fullsend/pull/612
2026-05-02,fullsend,pr,opened,613,"feat(cli): add --env-file flag and FULLSEND_SANDBOX_IMAGE override",https://github.com/fullsend-ai/fullsend/pull/613
2026-05-02,fullsend,pr,opened,614,"fix: support newline-delimited bodies in slash command dispatch",https://github.com/fullsend-ai/fullsend/pull/614
2026-05-02,fullsend,pr,opened,616,"feat(cli): migrate pre-code.sh to fullsend gate code command",https://github.com/fullsend-ai/fullsend/pull/616
2026-05-03,fullsend,issue,opened,618,"Admin SPA: overlapping org-list layer analysis when filters or effects re-run quickly",https://github.com/fullsend-ai/fullsend/issues/618
2026-05-03,fullsend,issue,opened,619,"Admin SPA: GitHub REST usage lacks shared rate-limit handling and retry policy",https://github.com/fullsend-ai/fullsend/issues/619
2026-05-03,fullsend,issue,opened,620,"Admin SPA: batch org GraphQL drops all per-org hints when the response includes errors",https://github.com/fullsend-ai/fullsend/issues/620
2026-05-03,fullsend,issue,opened,621,"Admin SPA: empty OAuth authorization code leads to confusing handoff error copy",https://github.com/fullsend-ai/fullsend/issues/621
2026-05-03,fullsend,issue,opened,622,"Dev experiment: OAuth localhost helper uses a fixed OAuth state value",https://github.com/fullsend-ai/fullsend/issues/622
2026-05-03,fullsend,issue,opened,623,"Admin SPA: install-readiness probes report only the first missing capability after a 403",https://github.com/fullsend-ai/fullsend/issues/623
2026-05-03,fullsend,issue,opened,626,"Admin SPA: extract shared components (Button, Spinner, Banner) and CSS design tokens",https://github.com/fullsend-ai/fullsend/issues/626
2026-05-03,fullsend,pr,merged,240,"feat(admin): Scaffold  Vite/Svelte admin SPA with oAuth",https://github.com/fullsend-ai/fullsend/pull/240
2026-05-03,fullsend,pr,opened,617,"feat(admin): Worker OAuth, installations org list, and per-org layer analysis",https://github.com/fullsend-ai/fullsend/pull/617
2026-05-03,fullsend,pr,opened,624,"feat(admin): add DESIGN.md design system for admin SPA",https://github.com/fullsend-ai/fullsend/pull/624
2026-05-03,fullsend,pr,opened,625,"feat(admin): add ESLint, Prettier, and Stylelint for admin SPA",https://github.com/fullsend-ai/fullsend/pull/625
2026-05-03,fullsend,pr,opened,627,"feat: add kill switch, role-gating, and fix-agent PR protection",https://github.com/fullsend-ai/fullsend/pull/627
2026-05-08,experiments,pr,merged,21,"Add pre-commit config matching fullsend-ai/fullsend",https://github.com/fullsend-ai/experiments/pull/21
2026-05-08,experiments,pr,opened,21,"Add pre-commit config matching fullsend-ai/fullsend",https://github.com/fullsend-ai/experiments/pull/21
2026-05-08,experiments,pr,opened,22,"chore: update fullsend shim workflow",https://github.com/fullsend-ai/experiments/pull/22
2026-05-09,fullsend,issue,opened,789,"Review agent should create follow-up issues for actionable low/info findings when approving",https://github.com/fullsend-ai/fullsend/issues/789
2026-05-09,fullsend,pr,merged,790,"fix: prevent dev build versions from being pinned in action.yml",https://github.com/fullsend-ai/fullsend/pull/790
2026-05-09,fullsend,pr,opened,790,"fix: prevent dev build versions from being pinned in action.yml",https://github.com/fullsend-ai/fullsend/pull/790
2026-05-09,fullsend,pr,opened,791,"chore: add lint-workflow-size to cap workflow file growth",https://github.com/fullsend-ai/fullsend/pull/791
2026-05-09,fullsend,pr,opened,792,"feat: reusable workflows (ADR 31), centralized routing (ADR 34), layered content (ADR 35)",https://github.com/fullsend-ai/fullsend/pull/792
2026-05-11,fullsend,pr,opened,816,"Track actionable review follow-ups",https://github.com/fullsend-ai/fullsend/pull/816
2026-05-11,fullsend,pr,opened,815,"feat: add gopls LSP plugin support for Claude code running in the sandbox",https://github.com/fullsend-ai/fullsend/pull/815
2026-05-11,fullsend,pr,opened,814,"chore: add merge-queue skill",https://github.com/fullsend-ai/fullsend/pull/814
2026-05-11,fullsend,pr,opened,811,"fix(#810): use OPENSHELL_VERSION env var for OpenShell install",https://github.com/fullsend-ai/fullsend/pull/811
2026-05-11,fullsend,pr,opened,809,"docs(skills): add spec-start skill and Cursor skills symlink",https://github.com/fullsend-ai/fullsend/pull/809
2026-05-11,fullsend,pr,opened,808,"fix(#748): replace per-tick heartbeat notices with single completion annotation",https://github.com/fullsend-ai/fullsend/pull/808
2026-05-11,fullsend,pr,opened,807,"feat: add search filter to docs sidebar file tree",https://github.com/fullsend-ai/fullsend/pull/807
2026-05-11,fullsend,pr,opened,800,"fix(#644): make GCP resource creation commands idempotent for reinstall",https://github.com/fullsend-ai/fullsend/pull/800
2026-05-11,fullsend,pr,merged,791,"chore: add lint-workflow-size to cap workflow file growth",https://github.com/fullsend-ai/fullsend/pull/791
2026-05-11,fullsend,pr,merged,785,"fix: restore automatic triage on issue open/edit",https://github.com/fullsend-ai/fullsend/pull/785
2026-05-11,fullsend,pr,merged,784,"fix: add dispatch-prioritize job to shim workflow",https://github.com/fullsend-ai/fullsend/pull/784
2026-05-11,fullsend,pr,merged,783,"chore: add markdown link linter and fix broken links",https://github.com/fullsend-ai/fullsend/pull/783
2026-05-11,fullsend,pr,merged,746,"feat(#745): add analyze-transcript skill",https://github.com/fullsend-ai/fullsend/pull/746
2026-05-11,fullsend,pr,merged,707,"docs: ADR 0033 — per-repo installation mode",https://github.com/fullsend-ai/fullsend/pull/707
2026-05-11,fullsend,pr,merged,659,"Add agent execution sandbox architecture ADR",https://github.com/fullsend-ai/fullsend/pull/659
2026-05-11,fullsend,pr,closed,373,"ci: skip site build when no site files changed",https://github.com/fullsend-ai/fullsend/pull/373
2026-05-11,fullsend,issue,opened,813,"ci: add paths filter to site build workflow to skip unnecessary builds on PRs",https://github.com/fullsend-ai/fullsend/issues/813
2026-05-11,fullsend,issue,opened,812,"refactor: pass all env vars explicitly to mint NewHandler",https://github.com/fullsend-ai/fullsend/issues/812
2026-05-11,fullsend,issue,opened,810,"Use OPENSHELL_VERSION env var for OpenShell install instead of hardcoded URL tag",https://github.com/fullsend-ai/fullsend/issues/810
2026-05-11,fullsend,issue,opened,806,"Agent: PR comments/reviews trigger spec-refine-github for spec agent PRs",https://github.com/fullsend-ai/fullsend/issues/806
2026-05-11,fullsend,issue,opened,805,"Agent: /spec on issue triggers spec-start-github (PR via deterministic script)",https://github.com/fullsend-ai/fullsend/issues/805
2026-05-11,fullsend,issue,opened,804,"Skill: spec-refine-github — PR review/comments into spec and Q&A, push updates",https://github.com/fullsend-ai/fullsend/issues/804
2026-05-11,fullsend,issue,opened,803,"Skill: spec-start-github — issue-driven spec run, artifacts on a PR",https://github.com/fullsend-ai/fullsend/issues/803
2026-05-11,fullsend,issue,opened,802,"Skill: spec-refine — iterate spec from Q&A, comments, and new questions",https://github.com/fullsend-ai/fullsend/issues/802
2026-05-11,fullsend,issue,opened,801,"Skill: spec-start — headless one-shot spec and Q&A file generation",https://github.com/fullsend-ai/fullsend/issues/801
2026-05-11,fullsend,issue,closed,745,"Add analyze-transcript skill for inspecting agent run artifacts",https://github.com/fullsend-ai/fullsend/issues/745
2026-05-11,fullsend,issue,closed,563,"Restore automatic triage on issue open/edit",https://github.com/fullsend-ai/fullsend/issues/563
2026-05-11,.fullsend,pr,opened,19,"fix(scribe): move cron 1 hour earlier to absorb GHA scheduling drift",https://github.com/fullsend-ai/.fullsend/pull/19
2026-05-11,.fullsend,pr,merged,19,"fix(scribe): move cron 1 hour earlier to absorb GHA scheduling drift",https://github.com/fullsend-ai/.fullsend/pull/19
2026-05-13,fullsend,pr,opened,901,"fix: scope sandbox-images tag trigger to semver, exclude bare v0/v1",https://github.com/fullsend-ai/fullsend/pull/901
2026-05-13,fullsend,pr,opened,889,"docs: clarify accepted input formats for merge-queue skill",https://github.com/fullsend-ai/fullsend/pull/889
2026-05-13,fullsend,pr,opened,888,"docs: update GCP auth section for Agent Platform rebrand",https://github.com/fullsend-ai/fullsend/pull/888
2026-05-13,fullsend,pr,opened,883,"feat: add sub-issue support to filing-issues skill",https://github.com/fullsend-ai/fullsend/pull/883
2026-05-13,fullsend,pr,opened,882,"feat: add Renovate automation for OpenShell version pin",https://github.com/fullsend-ai/fullsend/pull/882
2026-05-13,fullsend,pr,opened,875,"docs(skills): restructure spec-start qna.md as flat Q-NN log",https://github.com/fullsend-ai/fullsend/pull/875
2026-05-13,fullsend,pr,opened,874,"feat(review-agent): add outcome labels to post-review.sh",https://github.com/fullsend-ai/fullsend/pull/874
2026-05-13,fullsend,pr,opened,873,"feat(#412): validate fix-result.json against schema before processing",https://github.com/fullsend-ai/fullsend/pull/873
2026-05-13,fullsend,pr,opened,869,"Fix ADR 2 numbering",https://github.com/fullsend-ai/fullsend/pull/869
2026-05-13,fullsend,pr,opened,865,"fix(#861): preserve enrollment when re-running install without repo selection",https://github.com/fullsend-ai/fullsend/pull/865
2026-05-13,fullsend,pr,opened,864,"fix(#863): restore post-run-link job to shim-workflow-call template",https://github.com/fullsend-ai/fullsend/pull/864
2026-05-13,fullsend,pr,opened,862,"fix(#860): sync org variable visibility when enabling repos",https://github.com/fullsend-ai/fullsend/pull/862
2026-05-13,fullsend,pr,opened,858,"Spec: web UI icon fonts instead of inline SVG (#818)",https://github.com/fullsend-ai/fullsend/pull/858
2026-05-13,fullsend,pr,merged,901,"fix: scope sandbox-images tag trigger to semver, exclude bare v0/v1",https://github.com/fullsend-ai/fullsend/pull/901
2026-05-13,fullsend,pr,merged,888,"docs: update GCP auth section for Agent Platform rebrand",https://github.com/fullsend-ai/fullsend/pull/888
2026-05-13,fullsend,pr,merged,873,"feat(#412): validate fix-result.json against schema before processing",https://github.com/fullsend-ai/fullsend/pull/873
2026-05-13,fullsend,pr,merged,869,"Fix ADR 2 numbering",https://github.com/fullsend-ai/fullsend/pull/869
2026-05-13,fullsend,pr,merged,865,"fix(#861): preserve enrollment when re-running install without repo selection",https://github.com/fullsend-ai/fullsend/pull/865
2026-05-13,fullsend,pr,merged,864,"fix(#863): restore post-run-link job to shim-workflow-call template",https://github.com/fullsend-ai/fullsend/pull/864
2026-05-13,fullsend,pr,merged,856,"feat: switch GCP auth to direct WIF",https://github.com/fullsend-ai/fullsend/pull/856
2026-05-13,fullsend,pr,merged,855,"fix(#833): discourage retro agent from filing issues in .fullsend repos",https://github.com/fullsend-ai/fullsend/pull/855
2026-05-13,fullsend,pr,merged,847,"fix(#834): add actions:read permission to retro role",https://github.com/fullsend-ai/fullsend/pull/847
2026-05-13,fullsend,pr,merged,816,"Track actionable review follow-ups",https://github.com/fullsend-ai/fullsend/pull/816
2026-05-13,fullsend,pr,merged,798,"Document GitHub sub-issue API in filing-issues skill",https://github.com/fullsend-ai/fullsend/pull/798
2026-05-13,fullsend,pr,merged,792,"feat: reusable workflows (ADR 31), centralized routing (ADR 34), layered content (ADR 35)",https://github.com/fullsend-ai/fullsend/pull/792
2026-05-13,fullsend,pr,merged,655,"docs: ADR 0029 — central token mint for secretless .fullsend",https://github.com/fullsend-ai/fullsend/pull/655
2026-05-13,fullsend,pr,merged,652,"refactor(#561): drop ""enhancement"" triage category, auto-promote docs…",https://github.com/fullsend-ai/fullsend/pull/652
2026-05-13,fullsend,pr,merged,433,"chore(repo): improvements to branch pruning, found by Claude during eval",https://github.com/fullsend-ai/fullsend/pull/433
2026-05-13,fullsend,pr,closed,883,"feat: add sub-issue support to filing-issues skill",https://github.com/fullsend-ai/fullsend/pull/883
2026-05-13,fullsend,issue,opened,900,"35 review dispatches for 10 actual reviews wastes significant compute",https://github.com/fullsend-ai/fullsend/issues/900
2026-05-13,fullsend,issue,opened,899,"Fix agent should not auto-trigger on human-authored PRs",https://github.com/fullsend-ai/fullsend/issues/899
2026-05-13,fullsend,issue,opened,898,"Review agent misses security-critical findings on large architectural PRs",https://github.com/fullsend-ai/fullsend/issues/898
2026-05-13,fullsend,issue,opened,897,"Fix agent: re-request review from all reviewers after pushing changes",https://github.com/fullsend-ai/fullsend/issues/897
2026-05-13,fullsend,issue,opened,896,"fullsend run: emit source/destination annotations for agent workflow runs",https://github.com/fullsend-ai/fullsend/issues/896
2026-05-13,fullsend,issue,opened,895,"Scribe agent: support multiple target repositories per run",https://github.com/fullsend-ai/fullsend/issues/895
2026-05-13,fullsend,issue,opened,894,"Surface review agent failure details in PR comments",https://github.com/fullsend-ai/fullsend/issues/894
2026-05-13,fullsend,issue,opened,893,"Reduce redundant review dispatches triggered by non-code events",https://github.com/fullsend-ai/fullsend/issues/893
2026-05-13,fullsend,issue,opened,892,"Improve review agent detection of error-handling and string-safety bugs",https://github.com/fullsend-ai/fullsend/issues/892
2026-05-13,fullsend,issue,opened,891,"Review agent: incorporate prior human review feedback when re-reviewing",https://github.com/fullsend-ai/fullsend/issues/891
2026-05-13,fullsend,issue,opened,890,"Review agent: grep for stale references when PR removes or renames concepts",https://github.com/fullsend-ai/fullsend/issues/890
2026-05-13,fullsend,issue,opened,887,"Cancel in-flight review runs when PR HEAD advances",https://github.com/fullsend-ai/fullsend/issues/887
2026-05-13,fullsend,issue,opened,886,"Suppress redundant review dispatches after fix-agent push",https://github.com/fullsend-ai/fullsend/issues/886
2026-05-13,fullsend,issue,opened,885,"Review agent: check PR state before posting results",https://github.com/fullsend-ai/fullsend/issues/885
2026-05-13,fullsend,issue,opened,884,"Rename GCP CLI flags to provider-agnostic inference flags and auto-provision WIF",https://github.com/fullsend-ai/fullsend/issues/884
2026-05-13,fullsend,issue,opened,881,"fullsend run: implement host-side API server lifecycle",https://github.com/fullsend-ai/fullsend/issues/881
2026-05-13,fullsend,issue,opened,880,"ADR: host-side API server design for sandboxed agents",https://github.com/fullsend-ai/fullsend/issues/880
2026-05-13,fullsend,issue,opened,879,"Host-side API servers for sandboxed agents",https://github.com/fullsend-ai/fullsend/issues/879
2026-05-13,fullsend,issue,opened,878,"Migrate OpenShell install to package-based installer (v0.0.38+)",https://github.com/fullsend-ai/fullsend/issues/878
2026-05-13,fullsend,issue,opened,877,"ADR: Agents must not model their own authority limitations",https://github.com/fullsend-ai/fullsend/issues/877
2026-05-13,fullsend,issue,opened,876,"Post a comment on the issue when the code agent produces no changes",https://github.com/fullsend-ai/fullsend/issues/876
2026-05-13,fullsend,issue,opened,872,"Surface /code failure reasons when .fullsend repo logs are inaccessible",https://github.com/fullsend-ai/fullsend/issues/872
2026-05-13,fullsend,issue,opened,871,"Code agent should validate internal consistency of files it modifies",https://github.com/fullsend-ai/fullsend/issues/871
2026-05-13,fullsend,issue,opened,870,"Review agent medium findings should trigger fix agent or block merge",https://github.com/fullsend-ai/fullsend/issues/870
2026-05-13,fullsend,issue,opened,868,"Review agent should detect already-merged PRs and skip posting",https://github.com/fullsend-ai/fullsend/issues/868
2026-05-13,fullsend,issue,opened,867,"Review agent must be a required status check to prevent merge-before-review",https://github.com/fullsend-ai/fullsend/issues/867
2026-05-13,fullsend,issue,opened,866,"E2E tests cancelled when another PR triggers a concurrent run",https://github.com/fullsend-ai/fullsend/issues/866
2026-05-13,fullsend,issue,opened,863,"post-run-link job dropped from shim during workflow_call migration",https://github.com/fullsend-ai/fullsend/issues/863
2026-05-13,fullsend,issue,opened,861,"admin install without repo selection unenrolls all currently enrolled repos",https://github.com/fullsend-ai/fullsend/issues/861
2026-05-13,fullsend,issue,opened,860,"FULLSEND_MINT_URL org variable not visible to newly enrolled repos",https://github.com/fullsend-ai/fullsend/issues/860
2026-05-13,fullsend,issue,opened,859,"admin install should print next-step guidance on completion",https://github.com/fullsend-ai/fullsend/issues/859
2026-05-13,fullsend,issue,closed,900,"35 review dispatches for 10 actual reviews wastes significant compute",https://github.com/fullsend-ai/fullsend/issues/900
2026-05-13,fullsend,issue,closed,899,"Fix agent should not auto-trigger on human-authored PRs",https://github.com/fullsend-ai/fullsend/issues/899
2026-05-13,fullsend,issue,closed,894,"Surface review agent failure details in PR comments",https://github.com/fullsend-ai/fullsend/issues/894
2026-05-13,fullsend,issue,closed,891,"Review agent: incorporate prior human review feedback when re-reviewing",https://github.com/fullsend-ai/fullsend/issues/891
2026-05-13,fullsend,issue,closed,886,"Suppress redundant review dispatches after fix-agent push",https://github.com/fullsend-ai/fullsend/issues/886
2026-05-13,fullsend,issue,closed,876,"Post a comment on the issue when the code agent produces no changes",https://github.com/fullsend-ai/fullsend/issues/876
2026-05-13,fullsend,issue,closed,868,"Review agent should detect already-merged PRs and skip posting",https://github.com/fullsend-ai/fullsend/issues/868
2026-05-13,fullsend,issue,closed,867,"Review agent must be a required status check to prevent merge-before-review",https://github.com/fullsend-ai/fullsend/issues/867
2026-05-13,fullsend,issue,closed,863,"post-run-link job dropped from shim during workflow_call migration",https://github.com/fullsend-ai/fullsend/issues/863
2026-05-13,fullsend,issue,closed,861,"admin install without repo selection unenrolls all currently enrolled repos",https://github.com/fullsend-ai/fullsend/issues/861
2026-05-13,fullsend,issue,closed,834,"Retro agent gets 403 Forbidden when accessing workflow run logs",https://github.com/fullsend-ai/fullsend/issues/834
2026-05-13,fullsend,issue,closed,833,"Retro agent should discourage filing issues in .fullsend repos (temporary)",https://github.com/fullsend-ai/fullsend/issues/833
2026-05-13,fullsend,issue,closed,789,"Review agent should create follow-up issues for actionable low/info findings when approving",https://github.com/fullsend-ai/fullsend/issues/789
2026-05-13,fullsend,issue,closed,562,"chore: remove ""enhancement"" label and migrate to type/feature",https://github.com/fullsend-ai/fullsend/issues/562
2026-05-13,fullsend,issue,closed,561,"Triage: drop ""enhancement"" category and auto-promote doc/perf issues to ready-to-code",https://github.com/fullsend-ai/fullsend/issues/561
2026-05-13,fullsend,issue,closed,412,"process-fix-result.py: validate fix-result.json against schema before processing",https://github.com/fullsend-ai/fullsend/issues/412
2026-05-13,fullsend,issue,closed,397,"feat(repo): improve existing branch prune workflow",https://github.com/fullsend-ai/fullsend/issues/397
2026-05-13,.fullsend,issue,opened,35,"Prevent duplicate agent reviews on the same PR SHA",https://github.com/fullsend-ai/.fullsend/issues/35
2026-05-13,.fullsend,issue,opened,34,"Review agent should detect encoding/escaping boundary bugs in shell scripts",https://github.com/fullsend-ai/.fullsend/issues/34
2026-05-13,.fullsend,issue,opened,33,"Code agent should explicitly address triage recommendations it deviates from",https://github.com/fullsend-ai/.fullsend/issues/33
2026-05-13,.fullsend,issue,opened,32,"Review agent should flag untested error paths added in the same PR",https://github.com/fullsend-ai/.fullsend/issues/32
2026-05-13,experiments,issue,opened,25,"Experiment: host-side API server for sandboxed agents",https://github.com/fullsend-ai/experiments/issues/25
2026-05-14,fullsend,pr,opened,979,"fix(#976): post PR comment when validation fails",https://github.com/fullsend-ai/fullsend/pull/979
2026-05-14,fullsend,pr,opened,975,"ci: add scheduled auto-release workflow",https://github.com/fullsend-ai/fullsend/pull/975
2026-05-14,fullsend,pr,opened,974,"docs: document conventional commits policy",https://github.com/fullsend-ai/fullsend/pull/974
2026-05-14,fullsend,pr,opened,972,"chore(#955): add protected-path check to pr-review skill",https://github.com/fullsend-ai/fullsend/pull/972
2026-05-14,fullsend,pr,opened,968,"fix(#958): allow retro agent to download GitHub Actions artifacts",https://github.com/fullsend-ai/fullsend/pull/968
2026-05-14,fullsend,pr,opened,967,"feat: add FULLSEND_PER_REPO_INSTALL guard variable",https://github.com/fullsend-ai/fullsend/pull/967
2026-05-14,fullsend,pr,opened,964,"fix(#962): fix section numbering collision in post-fix.sh",https://github.com/fullsend-ai/fullsend/pull/964
2026-05-14,fullsend,pr,opened,954,"docs(roadmap): revise to reflect post-MVP reality",https://github.com/fullsend-ai/fullsend/pull/954
2026-05-14,fullsend,pr,opened,953,"feat(review-agent): post review findings as inline PR diff comments",https://github.com/fullsend-ai/fullsend/pull/953
2026-05-14,fullsend,pr,opened,952,"fix(review-agent): reduce review comment verbosity",https://github.com/fullsend-ai/fullsend/pull/952
2026-05-14,fullsend,pr,opened,949,"feat(triage): contextual issue labels",https://github.com/fullsend-ai/fullsend/pull/949
2026-05-14,fullsend,pr,opened,940,"Celebrate with a taco 🌮",https://github.com/fullsend-ai/fullsend/pull/940
2026-05-14,fullsend,pr,opened,936,"fix(#933): use .yaml extension for shim workflow path",https://github.com/fullsend-ai/fullsend/pull/936
2026-05-14,fullsend,pr,opened,931,"fix(mint): route per-org workflow_call repos to default WIF provider",https://github.com/fullsend-ai/fullsend/pull/931
2026-05-14,fullsend,pr,opened,930,"refactor: unify mint provisioning and harden URL validation",https://github.com/fullsend-ai/fullsend/pull/930
2026-05-14,fullsend,pr,opened,929,"fix(e2e): queue concurrent runs instead of cancelling",https://github.com/fullsend-ai/fullsend/pull/929
2026-05-14,fullsend,pr,opened,928,"feat: namespace slash commands with /fs- prefix",https://github.com/fullsend-ai/fullsend/pull/928
2026-05-14,fullsend,pr,opened,920,"fix(#910): use repository_owner in WIF attribute conditions",https://github.com/fullsend-ai/fullsend/pull/920
2026-05-14,fullsend,pr,opened,919,"feat(#780): migrate OpenShell to Podman driver",https://github.com/fullsend-ai/fullsend/pull/919
2026-05-14,fullsend,pr,opened,917,"docs(skills): add spec-refine and spec-refine-github",https://github.com/fullsend-ai/fullsend/pull/917
2026-05-14,fullsend,pr,opened,911,"feat: add --debug flag for Claude Code debug logging",https://github.com/fullsend-ai/fullsend/pull/911
2026-05-14,fullsend,pr,opened,907,"docs(plans): icon font spec for web UIs (#818)",https://github.com/fullsend-ai/fullsend/pull/907
2026-05-14,fullsend,pr,opened,906,"feat: disable fix agent auto-run on human-authored PRs",https://github.com/fullsend-ai/fullsend/pull/906
2026-05-14,fullsend,pr,opened,905,"feat: rename GCP CLI flags to provider-agnostic inference flags",https://github.com/fullsend-ai/fullsend/pull/905
2026-05-14,fullsend,pr,opened,904,"feat: validate mint infrastructure during per-repo install",https://github.com/fullsend-ai/fullsend/pull/904
2026-05-14,fullsend,pr,merged,967,"feat: add FULLSEND_PER_REPO_INSTALL guard variable",https://github.com/fullsend-ai/fullsend/pull/967
2026-05-14,fullsend,pr,merged,952,"fix(review-agent): reduce review comment verbosity",https://github.com/fullsend-ai/fullsend/pull/952
2026-05-14,fullsend,pr,merged,936,"fix(#933): use .yaml extension for shim workflow path",https://github.com/fullsend-ai/fullsend/pull/936
2026-05-14,fullsend,pr,merged,931,"fix(mint): route per-org workflow_call repos to default WIF provider",https://github.com/fullsend-ai/fullsend/pull/931
2026-05-14,fullsend,pr,merged,920,"fix(#910): use repository_owner in WIF attribute conditions",https://github.com/fullsend-ai/fullsend/pull/920
2026-05-14,fullsend,pr,merged,905,"feat: rename GCP CLI flags to provider-agnostic inference flags",https://github.com/fullsend-ai/fullsend/pull/905
2026-05-14,fullsend,pr,merged,904,"feat: validate mint infrastructure during per-repo install",https://github.com/fullsend-ai/fullsend/pull/904
2026-05-14,fullsend,pr,merged,889,"docs: clarify accepted input formats for merge-queue skill",https://github.com/fullsend-ai/fullsend/pull/889
2026-05-14,fullsend,pr,merged,875,"docs(skills): restructure spec-start qna.md as flat Q-NN log",https://github.com/fullsend-ai/fullsend/pull/875
2026-05-14,fullsend,pr,merged,874,"feat(review-agent): add outcome labels to post-review.sh",https://github.com/fullsend-ai/fullsend/pull/874
2026-05-14,fullsend,pr,merged,843,"fix: install uvx in post-code and post-fix scripts",https://github.com/fullsend-ai/fullsend/pull/843
2026-05-14,fullsend,pr,merged,828,"feat(appsetup): add retro agent app configuration",https://github.com/fullsend-ai/fullsend/pull/828
2026-05-14,fullsend,pr,merged,815,"feat: add gopls LSP plugin support for Claude code running in the sandbox",https://github.com/fullsend-ai/fullsend/pull/815
2026-05-14,fullsend,pr,merged,799,"feat: add per-repo installation mode (ADR 0033)",https://github.com/fullsend-ai/fullsend/pull/799
2026-05-14,fullsend,pr,merged,729,"feat(review agent): anchor severity across re-reviews",https://github.com/fullsend-ai/fullsend/pull/729
2026-05-14,fullsend,pr,merged,717,"feat: add docs-review skill for documentation staleness detection",https://github.com/fullsend-ai/fullsend/pull/717
2026-05-14,fullsend,pr,merged,473,"fix: skip code agent when human PR already exists for issue",https://github.com/fullsend-ai/fullsend/pull/473
2026-05-14,fullsend,pr,merged,389,"docs: add adaptive agent selection problem document",https://github.com/fullsend-ai/fullsend/pull/389
2026-05-14,fullsend,pr,closed,940,"Celebrate with a taco 🌮",https://github.com/fullsend-ai/fullsend/pull/940
2026-05-14,fullsend,pr,closed,858,"Spec: web UI icon fonts instead of inline SVG (#818)",https://github.com/fullsend-ai/fullsend/pull/858
2026-05-14,fullsend,pr,closed,742,"feat(#461): use /fs- prefix for slash commands",https://github.com/fullsend-ai/fullsend/pull/742
2026-05-14,fullsend,pr,closed,616,"feat(cli): migrate pre-code.sh to fullsend gate code command",https://github.com/fullsend-ai/fullsend/pull/616
2026-05-14,fullsend,pr,closed,310,"Add Red Hat P&D agentic SDLC experiment strategy ",https://github.com/fullsend-ai/fullsend/pull/310
2026-05-14,fullsend,pr,closed,32,"Cognitive Debt: how to avoid loss of understanding when agents are driving change",https://github.com/fullsend-ai/fullsend/pull/32
2026-05-14,fullsend,issue,opened,978,"Restrict retro agent target_repo to known-valid destinations",https://github.com/fullsend-ai/fullsend/issues/978
2026-05-14,fullsend,issue,opened,977,"Review agent CHANGES_REQUESTED has no enforcement against human override",https://github.com/fullsend-ai/fullsend/issues/977
2026-05-14,fullsend,issue,opened,976,"Fix agent fails silently when it cannot produce output within iteration limit",https://github.com/fullsend-ai/fullsend/issues/976
2026-05-14,fullsend,issue,opened,973,"Shim dispatches retro stage on PR close even when org has no retro agent configured",https://github.com/fullsend-ai/fullsend/issues/973
2026-05-14,fullsend,issue,opened,971,"Use comment updates with collapsible sections for review completion (supersedes #584)",https://github.com/fullsend-ai/fullsend/issues/971
2026-05-14,fullsend,issue,opened,970,"Clarify blocking vs non-blocking status in review comment severity labels",https://github.com/fullsend-ai/fullsend/issues/970
2026-05-14,fullsend,issue,opened,969,"Review agent: check referential coherence when content is removed",https://github.com/fullsend-ai/fullsend/issues/969
2026-05-14,fullsend,issue,opened,966,"Surface agent-approved PRs awaiting human review after N days",https://github.com/fullsend-ai/fullsend/issues/966
2026-05-14,fullsend,issue,opened,965,"E2E tests should exercise reusable workflow changes from the PR branch",https://github.com/fullsend-ai/fullsend/issues/965
2026-05-14,fullsend,issue,opened,963,"Skip review dispatch when HEAD SHA was already reviewed and approved",https://github.com/fullsend-ai/fullsend/issues/963
2026-05-14,fullsend,issue,opened,962,"Review agent should flag section numbering inconsistencies at medium severity in scaffold scripts",https://github.com/fullsend-ai/fullsend/issues/962
2026-05-14,fullsend,issue,opened,961,"Escalate intent-alignment findings about issue-closing keywords to changes_requested",https://github.com/fullsend-ai/fullsend/issues/961
2026-05-14,fullsend,issue,opened,960,"Add gofmt check to pre-commit hooks or CI lint target",https://github.com/fullsend-ai/fullsend/issues/960
2026-05-14,fullsend,issue,opened,959,"Gate retro dispatch on evidence of agent involvement beyond review",https://github.com/fullsend-ai/fullsend/issues/959
2026-05-14,fullsend,issue,opened,958,"Retro agent cannot access GitHub Actions logs or artifacts to debug failures",https://github.com/fullsend-ai/fullsend/issues/958
2026-05-14,fullsend,issue,opened,957,"Add agent failure notifications to the post-run lifecycle",https://github.com/fullsend-ai/fullsend/issues/957
2026-05-14,fullsend,issue,opened,956,"Review agent: resolve inline comments from previous reviews on re-review",https://github.com/fullsend-ai/fullsend/issues/956
2026-05-14,fullsend,issue,opened,955,"chore(review-agent): NEVER approve when PR modifies protected files",https://github.com/fullsend-ai/fullsend/issues/955
2026-05-14,fullsend,issue,opened,951,"Review agent should read ADRs before evaluating PRs that change CLI or architecture",https://github.com/fullsend-ai/fullsend/issues/951
2026-05-14,fullsend,issue,opened,950,"Add architectural-fit dimension to review agent",https://github.com/fullsend-ai/fullsend/issues/950
2026-05-14,fullsend,issue,opened,948,"Convert post-triage.sh to Python to improve testability",https://github.com/fullsend-ai/fullsend/issues/948
2026-05-14,fullsend,issue,opened,947,"Review bot: stabilize approval across iterations on trivial changes",https://github.com/fullsend-ai/fullsend/issues/947
2026-05-14,fullsend,issue,opened,946,"Review agent: cross-check output schemas when skills are composed",https://github.com/fullsend-ai/fullsend/issues/946
2026-05-14,fullsend,issue,opened,945,"Add lint check for tool-skill consistency",https://github.com/fullsend-ai/fullsend/issues/945
2026-05-14,fullsend,issue,opened,944,"refactor: align docs-review finding schema with code-review",https://github.com/fullsend-ai/fullsend/issues/944
2026-05-14,fullsend,issue,opened,943,"refactor: decouple dimension counting between pr-review and code-review skills",https://github.com/fullsend-ai/fullsend/issues/943
2026-05-14,fullsend,issue,opened,942,"Refine retro dispatch guard in issue #939 to account for agent involvement on non-agent branches",https://github.com/fullsend-ai/fullsend/issues/942
2026-05-14,fullsend,issue,opened,941,"Review agent should use `reject` outcome for injection/security PRs to prevent fix agent dispatch",https://github.com/fullsend-ai/fullsend/issues/941
2026-05-14,fullsend,issue,opened,939,"Skip retro dispatch on PRs with no agent involvement",https://github.com/fullsend-ai/fullsend/issues/939
2026-05-14,fullsend,issue,opened,938,"Adopt 'exploratory' as standard acceptance criteria framing for agent tasks",https://github.com/fullsend-ai/fullsend/issues/938
2026-05-14,fullsend,issue,opened,937,"ADR: standardize label naming convention (FS: agent-action format)",https://github.com/fullsend-ai/fullsend/issues/937
2026-05-14,fullsend,issue,opened,935,"Code agent: avoid uniform changes across semantically distinct code paths",https://github.com/fullsend-ai/fullsend/issues/935
2026-05-14,fullsend,issue,opened,934,"Auto-retry code agent on fast failures (exit code 1, no output)",https://github.com/fullsend-ai/fullsend/issues/934
2026-05-14,fullsend,issue,opened,933,"per-repo install writes shim as fullsend.yml instead of fullsend.yaml",https://github.com/fullsend-ai/fullsend/issues/933
2026-05-14,fullsend,issue,opened,932,"Require Claude-readable agent context before target repo onboarding",https://github.com/fullsend-ai/fullsend/issues/932
2026-05-14,fullsend,issue,opened,927,"refactor(review): extract shared label-selection logic from ""post-review.sh"" and its tests",https://github.com/fullsend-ai/fullsend/issues/927
2026-05-14,fullsend,issue,opened,926,"docs(review): exit code table references non-existent ExitCodeReader type",https://github.com/fullsend-ai/fullsend/issues/926
2026-05-14,fullsend,issue,opened,925,"Review agent: detect and flag scope expansion after prior approval",https://github.com/fullsend-ai/fullsend/issues/925
2026-05-14,fullsend,issue,opened,924,"Fix agent: distinguish 'cannot modify protected path' from 'disagree with finding'",https://github.com/fullsend-ai/fullsend/issues/924
2026-05-14,fullsend,issue,opened,923,"Review agent: exhaustive stale-reference scan on rename/migration PRs",https://github.com/fullsend-ai/fullsend/issues/923
2026-05-14,fullsend,issue,opened,922,"test(schemas): add validation tests for review actions `request-changes`, `comment`, and `failure`",https://github.com/fullsend-ai/fullsend/issues/922
2026-05-14,fullsend,issue,opened,921,"dispatch-stop-fix: FULLSEND_DISPATCH_TOKEN lacks label mutation permission",https://github.com/fullsend-ai/fullsend/issues/921
2026-05-14,fullsend,issue,opened,918,"Agents cannot load context from resources behind network boundaries (cross-forge, VPN-protected documentation)",https://github.com/fullsend-ai/fullsend/issues/918
2026-05-14,fullsend,issue,opened,916,"Agent: /ask command in PR comments for repo lookup and research",https://github.com/fullsend-ai/fullsend/issues/916
2026-05-14,fullsend,issue,opened,915,"SPIKE: community token mint on GCP vs Cloudflare port",https://github.com/fullsend-ai/fullsend/issues/915
2026-05-14,fullsend,issue,opened,914,"Public community–use shared GitHub Apps",https://github.com/fullsend-ai/fullsend/issues/914
2026-05-14,fullsend,issue,opened,913,"Shared Red Hat–internal GitHub Apps and token mint",https://github.com/fullsend-ai/fullsend/issues/913
2026-05-14,fullsend,issue,opened,912,"Epic: adopt shared GitHub agent apps and token mints (ADR 0029)",https://github.com/fullsend-ai/fullsend/issues/912
2026-05-14,fullsend,issue,opened,910,"WIF attribute condition rejects OIDC tokens from non-.fullsend repos, causing STS 400",https://github.com/fullsend-ai/fullsend/issues/910
2026-05-14,fullsend,issue,opened,909,"Add --debug flag to fullsend run for Claude Code debug logging",https://github.com/fullsend-ai/fullsend/issues/909
2026-05-14,fullsend,issue,opened,908,"Add .DS_Store to .gitignore to prevent accidental commits",https://github.com/fullsend-ai/fullsend/issues/908
2026-05-14,fullsend,issue,opened,903,"Review agent: do not flag feature-branch workflow refs as critical during development",https://github.com/fullsend-ai/fullsend/issues/903
2026-05-14,fullsend,issue,opened,902,"Add circuit breaker to review-fix feedback loop",https://github.com/fullsend-ai/fullsend/issues/902
2026-05-14,fullsend,issue,closed,977,"Review agent CHANGES_REQUESTED has no enforcement against human override",https://github.com/fullsend-ai/fullsend/issues/977
2026-05-14,fullsend,issue,closed,969,"Review agent: check referential coherence when content is removed",https://github.com/fullsend-ai/fullsend/issues/969
2026-05-14,fullsend,issue,closed,959,"Gate retro dispatch on evidence of agent involvement beyond review",https://github.com/fullsend-ai/fullsend/issues/959
2026-05-14,fullsend,issue,closed,951,"Review agent should read ADRs before evaluating PRs that change CLI or architecture",https://github.com/fullsend-ai/fullsend/issues/951
2026-05-14,fullsend,issue,closed,950,"Add architectural-fit dimension to review agent",https://github.com/fullsend-ai/fullsend/issues/950
2026-05-14,fullsend,issue,closed,938,"Adopt 'exploratory' as standard acceptance criteria framing for agent tasks",https://github.com/fullsend-ai/fullsend/issues/938
2026-05-14,fullsend,issue,closed,933,"per-repo install writes shim as fullsend.yml instead of fullsend.yaml",https://github.com/fullsend-ai/fullsend/issues/933
2026-05-14,fullsend,issue,closed,923,"Review agent: exhaustive stale-reference scan on rename/migration PRs",https://github.com/fullsend-ai/fullsend/issues/923
2026-05-14,fullsend,issue,closed,921,"dispatch-stop-fix: FULLSEND_DISPATCH_TOKEN lacks label mutation permission",https://github.com/fullsend-ai/fullsend/issues/921
2026-05-14,fullsend,issue,closed,910,"WIF attribute condition rejects OIDC tokens from non-.fullsend repos, causing STS 400",https://github.com/fullsend-ai/fullsend/issues/910
2026-05-14,fullsend,issue,closed,908,"Add .DS_Store to .gitignore to prevent accidental commits",https://github.com/fullsend-ai/fullsend/issues/908
2026-05-14,fullsend,issue,closed,884,"Rename GCP CLI flags to provider-agnostic inference flags and auto-provision WIF",https://github.com/fullsend-ai/fullsend/issues/884
2026-05-14,fullsend,issue,closed,771,"Code agent fails when openshell K8s namespace isn't ready in time",https://github.com/fullsend-ai/fullsend/issues/771
2026-05-14,fullsend,issue,closed,718,"Claude Code plugins are not available in fullsend sandbox containers",https://github.com/fullsend-ai/fullsend/issues/718
2026-05-14,fullsend,issue,closed,681,"Review agent: findings must not escalate severity across re-reviews unless code changes justify it",https://github.com/fullsend-ai/fullsend/issues/681
2026-05-14,fullsend,issue,closed,584,"Use text fragment links to create stable anchors in review comments",https://github.com/fullsend-ai/fullsend/issues/584
2026-05-14,fullsend,issue,closed,552,"post-review.sh does not apply outcome labels (ready-for-merge, requires-manual-review)",https://github.com/fullsend-ai/fullsend/issues/552
2026-05-14,fullsend,issue,closed,460,"Code agent creates duplicate PR when a human PR already exists for the issue",https://github.com/fullsend-ai/fullsend/issues/460
2026-05-14,fullsend,issue,closed,365,"dispatch-review job lacks concurrency control",https://github.com/fullsend-ai/fullsend/issues/365
2026-05-14,fullsend,issue,closed,350,"Experiment: optimise agent configurations, agentic team and workflow using evolutionary algorithms",https://github.com/fullsend-ai/fullsend/issues/350
2026-05-14,fullsend,issue,closed,271,"Sandbox startup takes ~90–120s from openshell gateway to ready",https://github.com/fullsend-ai/fullsend/issues/271
2026-05-14,fullsend,issue,closed,146,"Create branding guidelines with agency-agents design team",https://github.com/fullsend-ai/fullsend/issues/146
2026-05-14,fullsend,issue,closed,100,"Remove --ignore unresolved-import --ignore unresolved-attribute from ty pre-commit hook",https://github.com/fullsend-ai/fullsend/issues/100
2026-05-14,.fullsend,issue,opened,56,"Add harness exit-code semantics to code agent context",https://github.com/fullsend-ai/.fullsend/issues/56
2026-05-14,.fullsend,issue,opened,55,"Update issue #50 with root cause analysis from artifact inspection",https://github.com/fullsend-ai/.fullsend/issues/55
2026-05-14,.fullsend,issue,opened,54,"Add preflight validation for app token variables in agent workflows",https://github.com/fullsend-ai/.fullsend/issues/54
2026-05-14,.fullsend,issue,opened,53,"Add retry logic to post-script GraphQL mutations",https://github.com/fullsend-ai/.fullsend/issues/53
2026-05-14,.fullsend,issue,opened,52,"Cancel in-progress review runs when new commits are pushed to the same PR",https://github.com/fullsend-ai/.fullsend/issues/52
2026-05-14,.fullsend,issue,opened,51,"Fix agent must verify claims against actual diff before disagreeing with review findings",https://github.com/fullsend-ai/.fullsend/issues/51
2026-05-14,.fullsend,issue,opened,50,"Investigate and fix prioritize agent high failure rate (85% of recent runs failing)",https://github.com/fullsend-ai/.fullsend/issues/50
2026-05-14,.fullsend,issue,opened,49,"Review agent should file follow-up issues for informational findings",https://github.com/fullsend-ai/.fullsend/issues/49
2026-05-14,.fullsend,issue,opened,48,"Code agent should search for related occurrences when fixing string literals",https://github.com/fullsend-ai/.fullsend/issues/48
2026-05-14,.fullsend,issue,opened,47,"Deduplicate rapid-fire review dispatches on same commit",https://github.com/fullsend-ai/.fullsend/issues/47
2026-05-14,.fullsend,issue,opened,46,"Add security review guidance for workflow-injected external content",https://github.com/fullsend-ai/.fullsend/issues/46
2026-05-14,.fullsend,issue,opened,45,"Add shell script review checklist to code-review skill",https://github.com/fullsend-ai/.fullsend/issues/45
2026-05-14,.fullsend,issue,opened,44,"Auto-retry review agent on transient failures with no artifacts",https://github.com/fullsend-ai/.fullsend/issues/44
2026-05-14,.fullsend,issue,opened,43,"Add push-debounce delay before dispatching review runs",https://github.com/fullsend-ai/.fullsend/issues/43
2026-05-14,.fullsend,issue,opened,42,"Skip or throttle review agent runs when human review is pending",https://github.com/fullsend-ai/.fullsend/issues/42
2026-05-14,.fullsend,issue,opened,41,"Review agent should verify human-requested changes on re-review",https://github.com/fullsend-ai/.fullsend/issues/41
2026-05-14,.fullsend,issue,opened,40,"Fix agent: require exhaustive change reporting in fix summaries",https://github.com/fullsend-ai/.fullsend/issues/40
2026-05-14,.fullsend,issue,opened,39,"Review agent: add state-lifecycle completeness check to correctness dimension",https://github.com/fullsend-ai/.fullsend/issues/39
2026-05-14,.fullsend,issue,opened,38,"Review agent should request-changes for security-adjacent gaps, not comment-only",https://github.com/fullsend-ai/.fullsend/issues/38
2026-05-14,.fullsend,issue,opened,37,"Prevent review agent from running on closed PRs (reinforces #885)",https://github.com/fullsend-ai/.fullsend/issues/37
2026-05-14,.fullsend,issue,opened,36,"Review agent: surface upstream issue state as informational context",https://github.com/fullsend-ai/.fullsend/issues/36
2026-05-14,.fullsend,issue,closed,55,"Update issue #50 with root cause analysis from artifact inspection",https://github.com/fullsend-ai/.fullsend/issues/55
2026-05-14,.fullsend,issue,closed,54,"Add preflight validation for app token variables in agent workflows",https://github.com/fullsend-ai/.fullsend/issues/54
2026-05-14,.fullsend,issue,closed,53,"Add retry logic to post-script GraphQL mutations",https://github.com/fullsend-ai/.fullsend/issues/53
2026-05-14,.fullsend,issue,closed,52,"Cancel in-progress review runs when new commits are pushed to the same PR",https://github.com/fullsend-ai/.fullsend/issues/52
2026-05-14,.fullsend,issue,closed,51,"Fix agent must verify claims against actual diff before disagreeing with review findings",https://github.com/fullsend-ai/.fullsend/issues/51
2026-05-14,.fullsend,issue,closed,50,"Investigate and fix prioritize agent high failure rate (85% of recent runs failing)",https://github.com/fullsend-ai/.fullsend/issues/50
2026-05-14,.fullsend,issue,closed,49,"Review agent should file follow-up issues for informational findings",https://github.com/fullsend-ai/.fullsend/issues/49
2026-05-14,.fullsend,issue,closed,48,"Code agent should search for related occurrences when fixing string literals",https://github.com/fullsend-ai/.fullsend/issues/48
2026-05-14,.fullsend,issue,closed,47,"Deduplicate rapid-fire review dispatches on same commit",https://github.com/fullsend-ai/.fullsend/issues/47
2026-05-14,.fullsend,issue,closed,46,"Add security review guidance for workflow-injected external content",https://github.com/fullsend-ai/.fullsend/issues/46
2026-05-14,.fullsend,issue,closed,45,"Add shell script review checklist to code-review skill",https://github.com/fullsend-ai/.fullsend/issues/45
2026-05-14,.fullsend,issue,closed,44,"Auto-retry review agent on transient failures with no artifacts",https://github.com/fullsend-ai/.fullsend/issues/44
2026-05-14,.fullsend,issue,closed,43,"Add push-debounce delay before dispatching review runs",https://github.com/fullsend-ai/.fullsend/issues/43
2026-05-14,.fullsend,issue,closed,42,"Skip or throttle review agent runs when human review is pending",https://github.com/fullsend-ai/.fullsend/issues/42
2026-05-14,.fullsend,issue,closed,41,"Review agent should verify human-requested changes on re-review",https://github.com/fullsend-ai/.fullsend/issues/41
2026-05-14,.fullsend,issue,closed,40,"Fix agent: require exhaustive change reporting in fix summaries",https://github.com/fullsend-ai/.fullsend/issues/40
2026-05-14,.fullsend,issue,closed,39,"Review agent: add state-lifecycle completeness check to correctness dimension",https://github.com/fullsend-ai/.fullsend/issues/39
2026-05-14,.fullsend,issue,closed,38,"Review agent should request-changes for security-adjacent gaps, not comment-only",https://github.com/fullsend-ai/.fullsend/issues/38
2026-05-14,.fullsend,issue,closed,37,"Prevent review agent from running on closed PRs (reinforces #885)",https://github.com/fullsend-ai/.fullsend/issues/37
2026-05-14,.fullsend,issue,closed,36,"Review agent: surface upstream issue state as informational context",https://github.com/fullsend-ai/.fullsend/issues/36
2026-05-14,.fullsend,issue,closed,35,"Prevent duplicate agent reviews on the same PR SHA",https://github.com/fullsend-ai/.fullsend/issues/35
2026-05-14,.fullsend,issue,closed,34,"Review agent should detect encoding/escaping boundary bugs in shell scripts",https://github.com/fullsend-ai/.fullsend/issues/34
2026-05-14,.fullsend,issue,closed,33,"Code agent should explicitly address triage recommendations it deviates from",https://github.com/fullsend-ai/.fullsend/issues/33
2026-05-14,.fullsend,issue,closed,32,"Review agent should flag untested error paths added in the same PR",https://github.com/fullsend-ai/.fullsend/issues/32
2026-05-15,fullsend,pr,opened,1045,"fix: clear local repo unconditionally before SafeDownload",https://github.com/fullsend-ai/fullsend/pull/1045
2026-05-15,fullsend,pr,opened,1040,"fix: filter inline review comments to files in the PR diff",https://github.com/fullsend-ai/fullsend/pull/1040
2026-05-15,fullsend,pr,opened,1039,"triage: align control labels with pipeline usage, rename type/feature to feature",https://github.com/fullsend-ai/fullsend/pull/1039
2026-05-15,fullsend,pr,opened,1038,"fix: clear local repo dir before re-extracting on validation loop iteration 2+",https://github.com/fullsend-ai/fullsend/pull/1038
2026-05-15,fullsend,pr,opened,1035,"feat: embed mint source for standalone binary",https://github.com/fullsend-ai/fullsend/pull/1035
2026-05-15,fullsend,pr,opened,1034,"ci(merge queue): add merge_group triggers for merge queue support",https://github.com/fullsend-ai/fullsend/pull/1034
2026-05-15,fullsend,pr,opened,1033,"fix: always write inference secrets on install",https://github.com/fullsend-ai/fullsend/pull/1033
2026-05-15,fullsend,pr,opened,1030,"fix: add actionlint coverage for scaffold workflow templates",https://github.com/fullsend-ai/fullsend/pull/1030
2026-05-15,fullsend,pr,opened,1029,"ci: consolidate lint + test into single make test job",https://github.com/fullsend-ai/fullsend/pull/1029
2026-05-15,fullsend,pr,opened,1028,"chore: update fullsend shim workflow",https://github.com/fullsend-ai/fullsend/pull/1028
2026-05-15,fullsend,pr,opened,1023,"fix: add extract-transcript-error.sh to executableFiles",https://github.com/fullsend-ai/fullsend/pull/1023
2026-05-15,fullsend,pr,opened,1022,"fix: silent skip when stage role not configured",https://github.com/fullsend-ai/fullsend/pull/1022
2026-05-15,fullsend,pr,opened,1021,"fix: correct dispatch stage-to-role mappings and default roles",https://github.com/fullsend-ai/fullsend/pull/1021
2026-05-15,fullsend,pr,opened,1020,"fix: correct install-binary.sh path in cutting-releases skill",https://github.com/fullsend-ai/fullsend/pull/1020
2026-05-15,fullsend,pr,opened,1019,"fix: detect stale PEM when GitHub App is deleted and recreated",https://github.com/fullsend-ai/fullsend/pull/1019
2026-05-15,fullsend,pr,opened,1018,"docs: note per-org preference for fullsend-ai self-install",https://github.com/fullsend-ai/fullsend/pull/1018
2026-05-15,fullsend,pr,opened,1017,"docs: per-agent reference with icons, commands, labels, and lint enforcement",https://github.com/fullsend-ai/fullsend/pull/1017
2026-05-15,fullsend,pr,opened,1016,"fix(#1012): add extract-transcript-error.sh to executableFiles map",https://github.com/fullsend-ai/fullsend/pull/1016
2026-05-15,fullsend,pr,opened,1015,"docs: add complete CLI flags reference to installation guide",https://github.com/fullsend-ai/fullsend/pull/1015
2026-05-15,fullsend,pr,opened,1011,"feat: support --vendor-fullsend-binary in per-repo mode",https://github.com/fullsend-ai/fullsend/pull/1011
2026-05-15,fullsend,pr,opened,1010,"feat: validate --inference-wif-provider format",https://github.com/fullsend-ai/fullsend/pull/1010
2026-05-15,fullsend,pr,opened,1009,"fix(#1008): add opened/edited triggers to per-repo shim",https://github.com/fullsend-ai/fullsend/pull/1009
2026-05-15,fullsend,pr,opened,1004,"fix(#997): use actions_variables instead of variables for GitHub API permission key",https://github.com/fullsend-ai/fullsend/pull/1004
2026-05-15,fullsend,pr,opened,998,"fix: use actions_variables instead of variables for GitHub API key",https://github.com/fullsend-ai/fullsend/pull/998
2026-05-15,fullsend,pr,opened,995,"fix: add variables:read permission for per-repo guard check",https://github.com/fullsend-ai/fullsend/pull/995
2026-05-15,fullsend,pr,opened,994,"feat: parameterize app set prefix for GitHub App selection",https://github.com/fullsend-ai/fullsend/pull/994
2026-05-15,fullsend,pr,opened,993,"feat(#895): support multiple target repositories in scribe agent",https://github.com/fullsend-ai/fullsend/pull/993
2026-05-15,fullsend,pr,opened,991,"feat: add --skip-mint-check for self-provisioned mint services",https://github.com/fullsend-ai/fullsend/pull/991
2026-05-15,fullsend,pr,opened,980,"Design: cross-org issue filing with bidirectional authorization (#672)",https://github.com/fullsend-ai/fullsend/pull/980
2026-05-15,fullsend,pr,merged,1045,"fix: clear local repo unconditionally before SafeDownload",https://github.com/fullsend-ai/fullsend/pull/1045
2026-05-15,fullsend,pr,merged,1038,"fix: clear local repo dir before re-extracting on validation loop iteration 2+",https://github.com/fullsend-ai/fullsend/pull/1038
2026-05-15,fullsend,pr,merged,1035,"feat: embed mint source for standalone binary",https://github.com/fullsend-ai/fullsend/pull/1035
2026-05-15,fullsend,pr,merged,1033,"fix: always write inference secrets on install",https://github.com/fullsend-ai/fullsend/pull/1033
2026-05-15,fullsend,pr,merged,1028,"chore: update fullsend shim workflow",https://github.com/fullsend-ai/fullsend/pull/1028
2026-05-15,fullsend,pr,merged,1023,"fix: add extract-transcript-error.sh to executableFiles",https://github.com/fullsend-ai/fullsend/pull/1023
2026-05-15,fullsend,pr,merged,1021,"fix: correct dispatch stage-to-role mappings and default roles",https://github.com/fullsend-ai/fullsend/pull/1021
2026-05-15,fullsend,pr,merged,1019,"fix: detect stale PEM when GitHub App is deleted and recreated",https://github.com/fullsend-ai/fullsend/pull/1019
2026-05-15,fullsend,pr,merged,1018,"docs: note per-org preference for fullsend-ai self-install",https://github.com/fullsend-ai/fullsend/pull/1018
2026-05-15,fullsend,pr,merged,1015,"docs: add complete CLI flags reference to installation guide",https://github.com/fullsend-ai/fullsend/pull/1015
2026-05-15,fullsend,pr,merged,1010,"feat: validate --inference-wif-provider format",https://github.com/fullsend-ai/fullsend/pull/1010
2026-05-15,fullsend,pr,merged,1009,"fix(#1008): add opened/edited triggers to per-repo shim",https://github.com/fullsend-ai/fullsend/pull/1009
2026-05-15,fullsend,pr,merged,998,"fix: use actions_variables instead of variables for GitHub API key",https://github.com/fullsend-ai/fullsend/pull/998
2026-05-15,fullsend,pr,merged,995,"fix: add variables:read permission for per-repo guard check",https://github.com/fullsend-ai/fullsend/pull/995
2026-05-15,fullsend,pr,merged,994,"feat: parameterize app set prefix for GitHub App selection",https://github.com/fullsend-ai/fullsend/pull/994
2026-05-15,fullsend,pr,merged,991,"feat: add --skip-mint-check for self-provisioned mint services",https://github.com/fullsend-ai/fullsend/pull/991
2026-05-15,fullsend,pr,merged,972,"chore(review-agent): add protected-path check to pr-review skill",https://github.com/fullsend-ai/fullsend/pull/972
2026-05-15,fullsend,pr,merged,968,"fix(#958): allow retro agent to download GitHub Actions artifacts",https://github.com/fullsend-ai/fullsend/pull/968
2026-05-15,fullsend,pr,merged,964,"fix(#962): fix section numbering collision in post-fix.sh",https://github.com/fullsend-ai/fullsend/pull/964
2026-05-15,fullsend,pr,merged,954,"docs(roadmap): revise to reflect post-MVP reality",https://github.com/fullsend-ai/fullsend/pull/954
2026-05-15,fullsend,pr,merged,953,"feat(review-agent): post review findings as inline PR diff comments",https://github.com/fullsend-ai/fullsend/pull/953
2026-05-15,fullsend,pr,merged,949,"feat(triage): contextual issue labels",https://github.com/fullsend-ai/fullsend/pull/949
2026-05-15,fullsend,pr,merged,930,"refactor: unify mint provisioning and harden URL validation",https://github.com/fullsend-ai/fullsend/pull/930
2026-05-15,fullsend,pr,merged,929,"fix(e2e): queue concurrent runs instead of cancelling",https://github.com/fullsend-ai/fullsend/pull/929
2026-05-15,fullsend,pr,merged,928,"feat: namespace slash commands with /fs- prefix",https://github.com/fullsend-ai/fullsend/pull/928
2026-05-15,fullsend,pr,merged,764,"feat(#704): surface agent errors in workflow logs",https://github.com/fullsend-ai/fullsend/pull/764
2026-05-15,fullsend,pr,merged,722,"Add implementation plan for universal harness access",https://github.com/fullsend-ai/fullsend/pull/722
2026-05-15,fullsend,pr,closed,1004,"fix(#997): use actions_variables instead of variables for GitHub API permission key",https://github.com/fullsend-ai/fullsend/pull/1004
2026-05-15,fullsend,pr,closed,975,"ci: add scheduled auto-release workflow",https://github.com/fullsend-ai/fullsend/pull/975
2026-05-15,fullsend,pr,closed,800,"fix(#644): make GCP resource creation commands idempotent for reinstall",https://github.com/fullsend-ai/fullsend/pull/800
2026-05-15,fullsend,issue,opened,1048,"fullsend run: emit trigger link and optionally comment back on trigger resource",https://github.com/fullsend-ai/fullsend/issues/1048
2026-05-15,fullsend,issue,opened,1047,"e2e: increase throughput with parallel-safe test isolation",https://github.com/fullsend-ai/fullsend/issues/1047
2026-05-15,fullsend,issue,opened,1046,"Review agent APPROVED GitHub review should include a brief body, not be empty",https://github.com/fullsend-ai/fullsend/issues/1046
2026-05-15,fullsend,issue,opened,1044,"Review agent may silently drop findings across re-runs on updated commits",https://github.com/fullsend-ai/fullsend/issues/1044
2026-05-15,fullsend,issue,opened,1042,"Implement retro dispatch guard to skip non-agent PRs (#939 follow-up)",https://github.com/fullsend-ai/fullsend/issues/1042
2026-05-15,fullsend,issue,opened,1043,"Add observability for review agent re-trigger failures after stale-head discard",https://github.com/fullsend-ai/fullsend/issues/1043
2026-05-15,fullsend,issue,opened,1041,"Follow-up from PR #1040: GitHub API caps PR file listings at 3,000 files. For very large PRs exceeding this li...",https://github.com/fullsend-ai/fullsend/issues/1041
2026-05-15,fullsend,issue,opened,1037,"triage post-script: add not-reproducible label application when action is implemented",https://github.com/fullsend-ai/fullsend/issues/1037
2026-05-15,fullsend,issue,opened,1036,"triage agent: add 'not-reproducible' action for issues that cannot be reproduced",https://github.com/fullsend-ai/fullsend/issues/1036
2026-05-15,fullsend,issue,opened,1032,"fullsend run: add pre-flight Vertex AI authorization check before sandbox creation",https://github.com/fullsend-ai/fullsend/issues/1032
2026-05-15,fullsend,issue,opened,1031,"test(prior-review): pre-fetch-prior-review.sh SHA extraction regex has no test coverage",https://github.com/fullsend-ai/fullsend/issues/1031
2026-05-15,fullsend,issue,opened,1027,"Gate retro dispatch on meaningful agent participation",https://github.com/fullsend-ai/fullsend/issues/1027
2026-05-15,fullsend,issue,opened,1026,"Fix agent should not trigger on non-blocking review comments",https://github.com/fullsend-ai/fullsend/issues/1026
2026-05-15,fullsend,issue,opened,1025,"Add concurrency group to dispatch-review job in fullsend.yaml",https://github.com/fullsend-ai/fullsend/issues/1025
2026-05-15,fullsend,issue,opened,1024,"CI does not run Go unit tests — regressions reach main uncaught",https://github.com/fullsend-ai/fullsend/issues/1024
2026-05-15,fullsend,issue,opened,1014,"Debounce review dispatch on rapid synchronize events",https://github.com/fullsend-ai/fullsend/issues/1014
2026-05-15,fullsend,issue,opened,1013,"Review agent should deduplicate findings across iterations on the same PR",https://github.com/fullsend-ai/fullsend/issues/1013
2026-05-15,fullsend,issue,opened,1012,"scaffold test failure: extract-transcript-error.sh missing from executableFiles",https://github.com/fullsend-ai/fullsend/issues/1012
2026-05-15,fullsend,issue,opened,1008,"shim-per-repo: add issues opened/edited triggers to match shim-workflow-call",https://github.com/fullsend-ai/fullsend/issues/1008
2026-05-15,fullsend,issue,opened,1007,"Review agent: fail fast when build toolchain is unavailable",https://github.com/fullsend-ai/fullsend/issues/1007
2026-05-15,fullsend,issue,opened,1006,"Triage agent: raise duplicate-detection threshold to reduce false positives",https://github.com/fullsend-ai/fullsend/issues/1006
2026-05-15,fullsend,issue,opened,1005,"Prioritize retro dispatch guard (consolidation issue #999)",https://github.com/fullsend-ai/fullsend/issues/1005
2026-05-15,fullsend,issue,opened,1003,"Skip review dispatch when HEAD SHA was already approved",https://github.com/fullsend-ai/fullsend/issues/1003
2026-05-15,fullsend,issue,opened,1002,"Add go vet shadow analyzer to lint pipeline",https://github.com/fullsend-ai/fullsend/issues/1002
2026-05-15,fullsend,issue,opened,1001,"PR #949 provides evidence supporting issue #942's bot-comment heuristic for retro dispatch",https://github.com/fullsend-ai/fullsend/issues/1001
2026-05-15,fullsend,issue,opened,1000,"Tell review agent not to attempt local branch checkout in shallow clones",https://github.com/fullsend-ai/fullsend/issues/1000
2026-05-15,fullsend,issue,opened,999,"Skip retro dispatch on PRs with no agent code authorship",https://github.com/fullsend-ai/fullsend/issues/999
2026-05-15,fullsend,issue,opened,997,"fix: use actions_variables instead of variables for GitHub API permission key",https://github.com/fullsend-ai/fullsend/issues/997
2026-05-15,fullsend,issue,opened,996,"mint: log when minted token drops permissions the app has",https://github.com/fullsend-ai/fullsend/issues/996
2026-05-15,fullsend,issue,opened,992,"Add CI lint check for ADR number collisions against target branch",https://github.com/fullsend-ai/fullsend/issues/992
2026-05-15,fullsend,issue,opened,990,"Review agent should not assert safety claims without exhaustive variable verification",https://github.com/fullsend-ai/fullsend/issues/990
2026-05-15,fullsend,issue,opened,989,"Add GHA workflow command injection to code-review security dimensions",https://github.com/fullsend-ai/fullsend/issues/989
2026-05-15,fullsend,issue,opened,987,"Add staleness check before code agent works on aged issues",https://github.com/fullsend-ai/fullsend/issues/987
2026-05-15,fullsend,issue,opened,988,"Consolidate and prioritize silent-failure notification issues",https://github.com/fullsend-ai/fullsend/issues/988
2026-05-15,fullsend,issue,opened,986,"Classify file-internal consistency errors (numbering, cross-references) as Medium, not Low",https://github.com/fullsend-ai/fullsend/issues/986
2026-05-15,fullsend,issue,opened,985,"Review agent should post Low+ findings as inline PR comments on affected lines",https://github.com/fullsend-ai/fullsend/issues/985
2026-05-15,fullsend,issue,opened,984,"Add development guide for testing action changes from a feature branch",https://github.com/fullsend-ai/fullsend/issues/984
2026-05-15,fullsend,issue,opened,983,"--mint-url install requires GCP access to mint project it shouldn't need",https://github.com/fullsend-ai/fullsend/issues/983
2026-05-15,fullsend,issue,opened,982,"Add concurrency group to dispatch-code job in fullsend.yaml",https://github.com/fullsend-ai/fullsend/issues/982
2026-05-15,fullsend,issue,opened,981,"Add concurrency group to dispatch-review job in fullsend.yaml",https://github.com/fullsend-ai/fullsend/issues/981
2026-05-15,fullsend,issue,closed,1042,"Implement retro dispatch guard to skip non-agent PRs (#939 follow-up)",https://github.com/fullsend-ai/fullsend/issues/1042
2026-05-15,fullsend,issue,closed,1027,"Gate retro dispatch on meaningful agent participation",https://github.com/fullsend-ai/fullsend/issues/1027
2026-05-15,fullsend,issue,closed,1025,"Add concurrency group to dispatch-review job in fullsend.yaml",https://github.com/fullsend-ai/fullsend/issues/1025
2026-05-15,fullsend,issue,closed,1008,"shim-per-repo: add issues opened/edited triggers to match shim-workflow-call",https://github.com/fullsend-ai/fullsend/issues/1008
2026-05-15,fullsend,issue,closed,1005,"Prioritize retro dispatch guard (consolidation issue #999)",https://github.com/fullsend-ai/fullsend/issues/1005
2026-05-15,fullsend,issue,closed,1003,"Skip review dispatch when HEAD SHA was already approved",https://github.com/fullsend-ai/fullsend/issues/1003
2026-05-15,fullsend,issue,closed,1001,"PR #949 provides evidence supporting issue #942's bot-comment heuristic for retro dispatch",https://github.com/fullsend-ai/fullsend/issues/1001
2026-05-15,fullsend,issue,closed,999,"Skip retro dispatch on PRs with no agent code authorship",https://github.com/fullsend-ai/fullsend/issues/999
2026-05-15,fullsend,issue,closed,997,"fix: use actions_variables instead of variables for GitHub API permission key",https://github.com/fullsend-ai/fullsend/issues/997
2026-05-15,fullsend,issue,closed,985,"Review agent should post Low+ findings as inline PR comments on affected lines",https://github.com/fullsend-ai/fullsend/issues/985
2026-05-15,fullsend,issue,closed,983,"--mint-url install requires GCP access to mint project it shouldn't need",https://github.com/fullsend-ai/fullsend/issues/983
2026-05-15,fullsend,issue,closed,962,"Review agent should flag section numbering inconsistencies at medium severity in scaffold scripts",https://github.com/fullsend-ai/fullsend/issues/962
2026-05-15,fullsend,issue,closed,958,"Retro agent cannot access GitHub Actions logs or artifacts to debug failures",https://github.com/fullsend-ai/fullsend/issues/958
2026-05-15,fullsend,issue,closed,955,"chore(pr-review agent): *agent* must NEVER approve when PR modifies protected files",https://github.com/fullsend-ai/fullsend/issues/955
2026-05-15,fullsend,issue,closed,866,"E2E tests cancelled when another PR triggers a concurrent run",https://github.com/fullsend-ai/fullsend/issues/866
2026-05-15,fullsend,issue,closed,704,"Agent errors buried in transcript artifacts, not surfaced in workflow logs",https://github.com/fullsend-ai/fullsend/issues/704
2026-05-15,fullsend,issue,closed,649,"Review bot extraneous messages and minimal usefulness",https://github.com/fullsend-ai/fullsend/issues/649
2026-05-15,fullsend,issue,closed,644,"Reinstall fails creating identity pools",https://github.com/fullsend-ai/fullsend/issues/644
2026-05-15,fullsend,issue,closed,628,"Review agent: post findings as inline PR comments instead of a single top-level comment",https://github.com/fullsend-ai/fullsend/issues/628
2026-05-15,fullsend,issue,closed,461,"Slash command collisions with other AI tools (e.g. /review conflicts with Qodo)",https://github.com/fullsend-ai/fullsend/issues/461
2026-05-15,fullsend,issue,closed,426,"triage agent should apply contextual labels to an incoming issue opportunistically",https://github.com/fullsend-ai/fullsend/issues/426
2026-05-15,.fullsend,pr,opened,73,"fix: add workspace prep to custom workflows after layered-dirs cleanup",https://github.com/fullsend-ai/.fullsend/pull/73
2026-05-15,.fullsend,pr,opened,72,"chore: remove OOTB layered files, move custom agents to customized/",https://github.com/fullsend-ai/.fullsend/pull/72
2026-05-15,.fullsend,pr,opened,69,"fix: re-enable prioritize scheduler cron for fullsend-ai org",https://github.com/fullsend-ai/.fullsend/pull/69
2026-05-15,.fullsend,pr,merged,73,"fix: add workspace prep to custom workflows after layered-dirs cleanup",https://github.com/fullsend-ai/.fullsend/pull/73
2026-05-15,.fullsend,pr,merged,72,"chore: remove OOTB layered files, move custom agents to customized/",https://github.com/fullsend-ai/.fullsend/pull/72
2026-05-15,.fullsend,pr,merged,69,"fix: re-enable prioritize scheduler cron for fullsend-ai org",https://github.com/fullsend-ai/.fullsend/pull/69
2026-05-15,.fullsend,issue,opened,71,"Prevent review agent's own review submission from re-triggering a review dispatch",https://github.com/fullsend-ai/.fullsend/issues/71
2026-05-15,.fullsend,issue,opened,70,"Set GOTOOLCHAIN=auto in review agent harness to enable test execution",https://github.com/fullsend-ai/.fullsend/issues/70
2026-05-15,.fullsend,issue,opened,68,"Add symlink awareness to code-review skill to prevent false-positive 'unsynchronized copies' findings",https://github.com/fullsend-ai/.fullsend/issues/68
2026-05-15,.fullsend,issue,opened,67,"Add /usr/local/go/bin to PATH in agent sandbox environment",https://github.com/fullsend-ai/.fullsend/issues/67
2026-05-15,.fullsend,issue,opened,66,"Skip review dispatch when PR is already closed",https://github.com/fullsend-ai/.fullsend/issues/66
2026-05-15,.fullsend,issue,opened,65,"pre-code.sh: check for any PR closing the issue, not just agent branches",https://github.com/fullsend-ai/.fullsend/issues/65
2026-05-15,.fullsend,issue,opened,64,"pre-code.sh: skip run when issue already has a closing PR",https://github.com/fullsend-ai/.fullsend/issues/64
2026-05-15,.fullsend,issue,opened,63,"Review agent should cross-reference linked issues for design-intent review",https://github.com/fullsend-ai/.fullsend/issues/63
2026-05-15,.fullsend,issue,opened,62,"Review agent should give consistent scope guidance on tangential changes",https://github.com/fullsend-ai/.fullsend/issues/62
2026-05-15,.fullsend,issue,opened,61,"Skip review dispatch when diff is trivial (whitespace, renumbering, formatting)",https://github.com/fullsend-ai/.fullsend/issues/61
2026-05-15,.fullsend,issue,opened,60,"Review agent: accumulate findings across re-reviews instead of starting fresh",https://github.com/fullsend-ai/.fullsend/issues/60
2026-05-15,.fullsend,issue,opened,59,"Review agent: exhaustive grep verification for rename/refactor PRs",https://github.com/fullsend-ai/.fullsend/issues/59
2026-05-15,.fullsend,issue,opened,58,"Code agent harness should pre-check pushability of likely target files",https://github.com/fullsend-ai/.fullsend/issues/58
2026-05-15,.fullsend,issue,opened,57,"Triage agent should flag issues requiring workflow file changes",https://github.com/fullsend-ai/.fullsend/issues/57
2026-05-15,.fullsend,issue,closed,71,"Prevent review agent's own review submission from re-triggering a review dispatch",https://github.com/fullsend-ai/.fullsend/issues/71
2026-05-15,.fullsend,issue,closed,70,"Set GOTOOLCHAIN=auto in review agent harness to enable test execution",https://github.com/fullsend-ai/.fullsend/issues/70
2026-05-15,.fullsend,issue,closed,68,"Add symlink awareness to code-review skill to prevent false-positive 'unsynchronized copies' findings",https://github.com/fullsend-ai/.fullsend/issues/68
2026-05-15,.fullsend,issue,closed,67,"Add /usr/local/go/bin to PATH in agent sandbox environment",https://github.com/fullsend-ai/.fullsend/issues/67
2026-05-15,.fullsend,issue,closed,66,"Skip review dispatch when PR is already closed",https://github.com/fullsend-ai/.fullsend/issues/66
2026-05-15,.fullsend,issue,closed,65,"pre-code.sh: check for any PR closing the issue, not just agent branches",https://github.com/fullsend-ai/.fullsend/issues/65
2026-05-15,.fullsend,issue,closed,64,"pre-code.sh: skip run when issue already has a closing PR",https://github.com/fullsend-ai/.fullsend/issues/64
2026-05-15,.fullsend,issue,closed,63,"Review agent should cross-reference linked issues for design-intent review",https://github.com/fullsend-ai/.fullsend/issues/63
2026-05-15,.fullsend,issue,closed,62,"Review agent should give consistent scope guidance on tangential changes",https://github.com/fullsend-ai/.fullsend/issues/62
2026-05-15,.fullsend,issue,closed,61,"Skip review dispatch when diff is trivial (whitespace, renumbering, formatting)",https://github.com/fullsend-ai/.fullsend/issues/61
2026-05-15,.fullsend,issue,closed,60,"Review agent: accumulate findings across re-reviews instead of starting fresh",https://github.com/fullsend-ai/.fullsend/issues/60
2026-05-15,.fullsend,issue,closed,59,"Review agent: exhaustive grep verification for rename/refactor PRs",https://github.com/fullsend-ai/.fullsend/issues/59
2026-05-15,.fullsend,issue,closed,58,"Code agent harness should pre-check pushability of likely target files",https://github.com/fullsend-ai/.fullsend/issues/58
2026-05-15,.fullsend,issue,closed,57,"Triage agent should flag issues requiring workflow file changes",https://github.com/fullsend-ai/.fullsend/issues/57
2026-05-15,.fullsend,issue,closed,56,"Add harness exit-code semantics to code agent context",https://github.com/fullsend-ai/.fullsend/issues/56
2026-05-15,experiments,pr,opened,26,"chore: update fullsend shim workflow",https://github.com/fullsend-ai/experiments/pull/26
2026-05-15,experiments,pr,merged,26,"chore: update fullsend shim workflow",https://github.com/fullsend-ai/experiments/pull/26
2026-05-16,fullsend,pr,opened,1063,"fix(dispatch): restore /fs- prefix on slash commands",https://github.com/fullsend-ai/fullsend/pull/1063
2026-05-16,fullsend,pr,opened,1062,"chore(deps): bump github.com/go-jose/go-jose/v3 from 3.0.4 to 3.0.5",https://github.com/fullsend-ai/fullsend/pull/1062
2026-05-16,fullsend,pr,opened,1059,"fix(mint): accept job_workflow_ref from registered per-repo repos",https://github.com/fullsend-ai/fullsend/pull/1059
2026-05-16,fullsend,pr,opened,1058,"docs(adr-35): cover per-repo install mode in layered content resolution",https://github.com/fullsend-ai/fullsend/pull/1058
2026-05-16,fullsend,pr,opened,1055,"feat(scaffold): auto-detect and install pre-commit tool dependencies",https://github.com/fullsend-ai/fullsend/pull/1055
2026-05-16,fullsend,pr,opened,1054,"fix: add lychee to code image and fix tar extraction in post-scripts",https://github.com/fullsend-ai/fullsend/pull/1054
2026-05-16,fullsend,pr,opened,1053,"fix(retro): use REST API for PR comments to avoid pull_requests:write",https://github.com/fullsend-ai/fullsend/pull/1053
2026-05-16,fullsend,pr,opened,1049,"fix(retro): harden output schema instructions to prevent extra properties",https://github.com/fullsend-ai/fullsend/pull/1049
2026-05-16,fullsend,pr,merged,1059,"fix(mint): accept job_workflow_ref from registered per-repo repos",https://github.com/fullsend-ai/fullsend/pull/1059
2026-05-16,fullsend,pr,merged,1058,"docs(adr-35): cover per-repo install mode in layered content resolution",https://github.com/fullsend-ai/fullsend/pull/1058
2026-05-16,fullsend,pr,merged,1054,"fix: add lychee to code image and fix tar extraction in post-scripts",https://github.com/fullsend-ai/fullsend/pull/1054
2026-05-16,fullsend,pr,merged,1053,"fix(retro): use REST API for PR comments to avoid pull_requests:write",https://github.com/fullsend-ai/fullsend/pull/1053
2026-05-16,fullsend,pr,merged,1049,"fix(retro): harden output schema instructions to prevent extra properties",https://github.com/fullsend-ai/fullsend/pull/1049
2026-05-16,fullsend,pr,merged,906,"feat: disable fix agent auto-run on human-authored PRs",https://github.com/fullsend-ai/fullsend/pull/906
2026-05-16,fullsend,issue,opened,1060,"Add permission-manifest change detection to code-review skill",https://github.com/fullsend-ai/fullsend/issues/1060
2026-05-16,fullsend,issue,opened,1061,"Improve docs-staleness scanning to find all instances in one pass",https://github.com/fullsend-ai/fullsend/issues/1061
2026-05-16,fullsend,issue,opened,1057,"Follow-up from PR #1055: PyYAML is installed with an unpinned version floor (pyyaml>=6.0). Every other depende...",https://github.com/fullsend-ai/fullsend/issues/1057
2026-05-16,fullsend,issue,opened,1056,"Follow-up from PR #1055: The strip_prefix for lychee is set to ""lychee-{triple}"", but the original hardcoded i...",https://github.com/fullsend-ai/fullsend/issues/1056
2026-05-16,fullsend,issue,opened,1052,"Enrich validation script error output with expected schema structure",https://github.com/fullsend-ai/fullsend/issues/1052
2026-05-16,fullsend,issue,opened,1051,"Add additionalProperties warnings to triage and fix agent output instructions",https://github.com/fullsend-ai/fullsend/issues/1051
2026-05-16,fullsend,issue,opened,1050,"Implement validation loop feedback so agents can self-correct",https://github.com/fullsend-ai/fullsend/issues/1050
2026-05-16,fullsend,issue,closed,308,"Replace dispatch PAT with a dedicated GitHub App to remove user-identity dependency",https://github.com/fullsend-ai/fullsend/issues/308
2026-05-16,.fullsend,pr,opened,75,"rename classify output key from issues to classifications",https://github.com/fullsend-ai/.fullsend/pull/75
2026-05-16,.fullsend,pr,opened,74,"fix: migrate scribe and gh-classify workflows to WIF auth",https://github.com/fullsend-ai/.fullsend/pull/74
2026-05-16,.fullsend,pr,merged,75,"rename classify output key from issues to classifications",https://github.com/fullsend-ai/.fullsend/pull/75
2026-05-16,.fullsend,pr,merged,74,"fix: migrate scribe and gh-classify workflows to WIF auth",https://github.com/fullsend-ai/.fullsend/pull/74
