datetime,bot,repo,item,url
2026-04-23T00:06:03Z,github-actions[bot],fullsend,343,https://github.com/fullsend-ai/fullsend/pull/343
2026-04-23T00:17:11Z,github-actions[bot],fullsend,343,https://github.com/fullsend-ai/fullsend/pull/343
2026-04-23T13:23:31Z,github-actions[bot],fullsend,351,https://github.com/fullsend-ai/fullsend/pull/351
2026-04-23T13:43:11Z,github-actions[bot],fullsend,351,https://github.com/fullsend-ai/fullsend/pull/351
2026-04-23T13:55:54Z,github-actions[bot],fullsend,351,https://github.com/fullsend-ai/fullsend/pull/351
2026-04-23T14:13:59Z,fullsend-ai-review[bot],experiments,4,https://github.com/fullsend-ai/experiments/pull/4
2026-04-23T15:01:48Z,github-actions[bot],fullsend,363,https://github.com/fullsend-ai/fullsend/pull/363
2026-04-23T15:16:13Z,github-actions[bot],fullsend,368,https://github.com/fullsend-ai/fullsend/pull/368
2026-04-23T16:31:37Z,github-actions[bot],fullsend,372,https://github.com/fullsend-ai/fullsend/pull/372
2026-04-23T17:41:44Z,fullsend-ai-review[bot],fullsend,379,https://github.com/fullsend-ai/fullsend/pull/379
2026-04-23T17:45:53Z,fullsend-ai-review[bot],fullsend,379,https://github.com/fullsend-ai/fullsend/pull/379
2026-04-23T17:49:58Z,fullsend-ai-review[bot],fullsend,379,https://github.com/fullsend-ai/fullsend/pull/379
2026-04-23T17:54:15Z,fullsend-ai-review[bot],fullsend,379,https://github.com/fullsend-ai/fullsend/pull/379
2026-04-23T17:58:04Z,fullsend-ai-review[bot],fullsend,379,https://github.com/fullsend-ai/fullsend/pull/379
2026-04-23T18:03:59Z,fullsend-ai-review[bot],fullsend,379,https://github.com/fullsend-ai/fullsend/pull/379
2026-04-23T18:06:43Z,github-actions[bot],fullsend,380,https://github.com/fullsend-ai/fullsend/pull/380
2026-04-23T18:07:41Z,fullsend-ai-review[bot],fullsend,379,https://github.com/fullsend-ai/fullsend/pull/379
2026-04-23T18:10:25Z,github-actions[bot],fullsend,380,https://github.com/fullsend-ai/fullsend/pull/380
2026-04-23T18:12:08Z,fullsend-ai-review[bot],fullsend,379,https://github.com/fullsend-ai/fullsend/pull/379
2026-04-23T18:13:23Z,fullsend-ai-review[bot],fullsend,380,https://github.com/fullsend-ai/fullsend/pull/380
2026-04-23T18:15:53Z,fullsend-ai-review[bot],fullsend,379,https://github.com/fullsend-ai/fullsend/pull/379
2026-04-23T18:19:39Z,fullsend-ai-review[bot],fullsend,379,https://github.com/fullsend-ai/fullsend/pull/379
2026-04-23T18:23:12Z,fullsend-ai-review[bot],fullsend,379,https://github.com/fullsend-ai/fullsend/pull/379
2026-04-23T18:26:51Z,fullsend-ai-review[bot],fullsend,379,https://github.com/fullsend-ai/fullsend/pull/379
2026-04-23T18:30:40Z,fullsend-ai-review[bot],fullsend,379,https://github.com/fullsend-ai/fullsend/pull/379
2026-04-23T18:34:44Z,fullsend-ai-review[bot],fullsend,379,https://github.com/fullsend-ai/fullsend/pull/379
2026-04-23T18:38:46Z,fullsend-ai-review[bot],fullsend,379,https://github.com/fullsend-ai/fullsend/pull/379
2026-04-23T18:43:02Z,fullsend-ai-review[bot],fullsend,379,https://github.com/fullsend-ai/fullsend/pull/379
2026-04-23T18:46:48Z,fullsend-ai-review[bot],fullsend,379,https://github.com/fullsend-ai/fullsend/pull/379
2026-04-23T18:51:20Z,fullsend-ai-review[bot],fullsend,379,https://github.com/fullsend-ai/fullsend/pull/379
2026-04-23T18:55:12Z,fullsend-ai-review[bot],fullsend,379,https://github.com/fullsend-ai/fullsend/pull/379
2026-04-23T18:59:07Z,fullsend-ai-review[bot],fullsend,379,https://github.com/fullsend-ai/fullsend/pull/379
2026-04-23T19:03:38Z,fullsend-ai-review[bot],fullsend,379,https://github.com/fullsend-ai/fullsend/pull/379
2026-04-23T19:07:07Z,fullsend-ai-review[bot],fullsend,379,https://github.com/fullsend-ai/fullsend/pull/379
2026-04-23T19:11:04Z,fullsend-ai-review[bot],fullsend,379,https://github.com/fullsend-ai/fullsend/pull/379
2026-04-23T20:09:36Z,github-actions[bot],fullsend,387,https://github.com/fullsend-ai/fullsend/pull/387
2026-04-24T07:22:29Z,github-actions[bot],fullsend,404,https://github.com/fullsend-ai/fullsend/pull/404
2026-04-24T07:33:26Z,github-actions[bot],fullsend,404,https://github.com/fullsend-ai/fullsend/pull/404
2026-04-24T07:37:08Z,fullsend-ai-review[bot],fullsend,404,https://github.com/fullsend-ai/fullsend/pull/404
2026-04-24T07:47:42Z,github-actions[bot],fullsend,404,https://github.com/fullsend-ai/fullsend/pull/404
2026-04-24T07:51:09Z,fullsend-ai-review[bot],fullsend,404,https://github.com/fullsend-ai/fullsend/pull/404
2026-04-24T08:07:15Z,github-actions[bot],fullsend,404,https://github.com/fullsend-ai/fullsend/pull/404
2026-04-24T08:11:56Z,fullsend-ai-review[bot],fullsend,404,https://github.com/fullsend-ai/fullsend/pull/404
2026-04-24T09:58:34Z,fullsend-ai-review[bot],fullsend,404,https://github.com/fullsend-ai/fullsend/pull/404
2026-04-24T10:07:29Z,fullsend-ai-review[bot],experiments,5,https://github.com/fullsend-ai/experiments/pull/5
2026-04-24T14:32:04Z,fullsend-ai-triage[bot],fullsend,425,https://github.com/fullsend-ai/fullsend/issues/425
2026-04-24T15:01:04Z,github-actions[bot],fullsend,417,https://github.com/fullsend-ai/fullsend/pull/417
2026-04-24T15:05:15Z,fullsend-ai-review[bot],fullsend,417,https://github.com/fullsend-ai/fullsend/pull/417
2026-04-24T18:40:23Z,github-actions[bot],fullsend,201,https://github.com/fullsend-ai/fullsend/pull/201
2026-04-24T18:46:43Z,fullsend-ai-triage[bot],fullsend,282,https://github.com/fullsend-ai/fullsend/issues/282
2026-04-24T18:48:52Z,fullsend-ai-triage[bot],fullsend,282,https://github.com/fullsend-ai/fullsend/issues/282
2026-04-24T18:55:54Z,fullsend-ai-coder[bot],fullsend,282,https://github.com/fullsend-ai/fullsend/issues/282
2026-04-24T19:01:10Z,fullsend-ai-triage[bot],fullsend,282,https://github.com/fullsend-ai/fullsend/issues/282
2026-04-24T19:03:14Z,fullsend-ai-triage[bot],fullsend,282,https://github.com/fullsend-ai/fullsend/issues/282
2026-04-24T19:10:24Z,fullsend-ai-coder[bot],fullsend,282,https://github.com/fullsend-ai/fullsend/issues/282
2026-04-24T19:13:56Z,github-actions[bot],fullsend,438,https://github.com/fullsend-ai/fullsend/pull/438
2026-04-24T19:14:36Z,github-actions[bot],fullsend,438,https://github.com/fullsend-ai/fullsend/pull/438
2026-04-24T19:23:04Z,github-actions[bot],fullsend,438,https://github.com/fullsend-ai/fullsend/pull/438
2026-04-24T19:27:03Z,fullsend-ai-review[bot],fullsend,438,https://github.com/fullsend-ai/fullsend/pull/438
2026-04-27T13:44:11Z,github-actions[bot],fullsend,448,https://github.com/fullsend-ai/fullsend/pull/448
2026-04-27T13:50:21Z,fullsend-ai-review[bot],fullsend,448,https://github.com/fullsend-ai/fullsend/pull/448
2026-04-27T15:23:37Z,github-actions[bot],fullsend,448,https://github.com/fullsend-ai/fullsend/pull/448
2026-04-27T15:29:40Z,fullsend-ai-review[bot],fullsend,448,https://github.com/fullsend-ai/fullsend/pull/448
2026-04-27T15:59:02Z,github-actions[bot],fullsend,448,https://github.com/fullsend-ai/fullsend/pull/448
2026-04-27T16:17:28Z,github-actions[bot],fullsend,448,https://github.com/fullsend-ai/fullsend/pull/448
2026-04-27T16:22:11Z,fullsend-ai-review[bot],fullsend,448,https://github.com/fullsend-ai/fullsend/pull/448
2026-04-27T17:26:23Z,github-actions[bot],fullsend,448,https://github.com/fullsend-ai/fullsend/pull/448
2026-04-27T17:31:07Z,fullsend-ai-review[bot],fullsend,448,https://github.com/fullsend-ai/fullsend/pull/448
2026-04-27T20:49:51Z,fullsend-ai-triage[bot],fullsend,462,https://github.com/fullsend-ai/fullsend/issues/462
2026-04-28T13:25:36Z,github-actions[bot],fullsend,342,https://github.com/fullsend-ai/fullsend/pull/342
2026-04-28T19:34:27Z,github-actions[bot],fullsend,383,https://github.com/fullsend-ai/fullsend/pull/383
2026-04-28T19:38:27Z,fullsend-ai-review[bot],fullsend,383,https://github.com/fullsend-ai/fullsend/pull/383
2026-04-28T20:09:00Z,fullsend-ai-review[bot],fullsend,383,https://github.com/fullsend-ai/fullsend/pull/383
2026-04-28T20:13:41Z,github-actions[bot],fullsend,383,https://github.com/fullsend-ai/fullsend/pull/383
2026-04-28T20:17:51Z,fullsend-ai-review[bot],fullsend,383,https://github.com/fullsend-ai/fullsend/pull/383
2026-04-28T20:20:12Z,github-actions[bot],fullsend,383,https://github.com/fullsend-ai/fullsend/pull/383
2026-04-28T20:25:17Z,fullsend-ai-review[bot],fullsend,383,https://github.com/fullsend-ai/fullsend/pull/383
2026-04-28T20:38:30Z,github-actions[bot],fullsend,383,https://github.com/fullsend-ai/fullsend/pull/383
2026-04-28T20:43:46Z,fullsend-ai-review[bot],fullsend,383,https://github.com/fullsend-ai/fullsend/pull/383
2026-04-28T20:45:24Z,github-actions[bot],fullsend,383,https://github.com/fullsend-ai/fullsend/pull/383
2026-04-28T20:49:40Z,fullsend-ai-review[bot],fullsend,383,https://github.com/fullsend-ai/fullsend/pull/383
2026-04-28T20:51:28Z,github-actions[bot],fullsend,383,https://github.com/fullsend-ai/fullsend/pull/383
2026-04-28T20:55:43Z,fullsend-ai-review[bot],fullsend,383,https://github.com/fullsend-ai/fullsend/pull/383
2026-04-29T00:50:55Z,github-actions[bot],fullsend,337,https://github.com/fullsend-ai/fullsend/pull/337
2026-04-29T00:56:38Z,fullsend-ai-review[bot],fullsend,337,https://github.com/fullsend-ai/fullsend/pull/337
2026-04-29T00:57:56Z,github-actions[bot],fullsend,337,https://github.com/fullsend-ai/fullsend/pull/337
2026-04-29T01:03:18Z,fullsend-ai-review[bot],fullsend,337,https://github.com/fullsend-ai/fullsend/pull/337
2026-04-29T11:37:58Z,fullsend-ai-fullsend[bot],experiments,11,https://github.com/fullsend-ai/experiments/pull/11
2026-04-29T14:20:25Z,github-actions[bot],fullsend,337,https://github.com/fullsend-ai/fullsend/pull/337
2026-04-29T14:25:48Z,fullsend-ai-review[bot],fullsend,337,https://github.com/fullsend-ai/fullsend/pull/337
2026-04-29T14:44:24Z,github-actions[bot],fullsend,337,https://github.com/fullsend-ai/fullsend/pull/337
2026-04-29T14:49:06Z,fullsend-ai-review[bot],fullsend,337,https://github.com/fullsend-ai/fullsend/pull/337
2026-04-29T16:29:45Z,github-actions[bot],fullsend,535,https://github.com/fullsend-ai/fullsend/pull/535
2026-04-29T16:32:58Z,fullsend-ai-review[bot],fullsend,535,https://github.com/fullsend-ai/fullsend/pull/535
2026-04-29T16:42:01Z,github-actions[bot],fullsend,535,https://github.com/fullsend-ai/fullsend/pull/535
2026-04-29T16:45:00Z,fullsend-ai-review[bot],fullsend,535,https://github.com/fullsend-ai/fullsend/pull/535
2026-04-30T08:25:42Z,github-actions[bot],fullsend,413,https://github.com/fullsend-ai/fullsend/pull/413
2026-04-30T08:29:31Z,fullsend-ai-review[bot],fullsend,413,https://github.com/fullsend-ai/fullsend/pull/413
2026-04-30T14:54:26Z,github-project-automation[bot],fullsend,494,https://github.com/fullsend-ai/fullsend/issues/494
2026-04-30T16:13:02Z,github-project-automation[bot],fullsend,556,https://github.com/fullsend-ai/fullsend/issues/556
2026-04-30T16:42:07Z,github-project-automation[bot],fullsend,348,https://github.com/fullsend-ai/fullsend/issues/348
2026-04-30T16:58:57Z,fullsend-ai-review[bot],fullsend,393,https://github.com/fullsend-ai/fullsend/pull/393
2026-04-30T17:03:47Z,fullsend-ai-review[bot],fullsend,393,https://github.com/fullsend-ai/fullsend/pull/393
2026-04-30T17:06:55Z,github-project-automation[bot],fullsend,556,https://github.com/fullsend-ai/fullsend/issues/556
2026-04-30T17:22:51Z,github-project-automation[bot],fullsend,391,https://github.com/fullsend-ai/fullsend/issues/391
2026-04-30T17:50:38Z,fullsend-ai-review[bot],experiments,2,https://github.com/fullsend-ai/experiments/pull/2
2026-04-30T17:59:24Z,github-project-automation[bot],fullsend,565,https://github.com/fullsend-ai/fullsend/issues/565
2026-04-30T18:04:35Z,fullsend-ai-review[bot],experiments,2,https://github.com/fullsend-ai/experiments/pull/2
2026-04-30T18:24:45Z,fullsend-ai-review[bot],experiments,2,https://github.com/fullsend-ai/experiments/pull/2
2026-04-30T18:44:02Z,fullsend-ai-review[bot],experiments,2,https://github.com/fullsend-ai/experiments/pull/2
2026-04-30T18:57:27Z,github-project-automation[bot],fullsend,565,https://github.com/fullsend-ai/fullsend/issues/565
2026-04-30T20:18:34Z,github-project-automation[bot],fullsend,30,https://github.com/fullsend-ai/fullsend/issues/30
2026-05-01T13:27:24Z,github-project-automation[bot],fullsend,456,https://github.com/fullsend-ai/fullsend/issues/456
2026-05-01T14:04:20Z,github-project-automation[bot],fullsend,232,https://github.com/fullsend-ai/fullsend/issues/232
2026-05-01T16:38:36Z,github-project-automation[bot],fullsend,128,https://github.com/fullsend-ai/fullsend/issues/128
2026-05-01T16:39:13Z,github-project-automation[bot],fullsend,125,https://github.com/fullsend-ai/fullsend/issues/125
2026-05-01T16:39:36Z,github-project-automation[bot],fullsend,124,https://github.com/fullsend-ai/fullsend/issues/124
2026-05-01T16:49:57Z,github-project-automation[bot],fullsend,129,https://github.com/fullsend-ai/fullsend/issues/129
2026-05-02T02:03:49Z,github-project-automation[bot],fullsend,51,https://github.com/fullsend-ai/fullsend/issues/51
2026-05-04T08:30:18Z,github-project-automation[bot],fullsend,520,https://github.com/fullsend-ai/fullsend/issues/520
2026-05-04T08:30:35Z,github-project-automation[bot],fullsend,507,https://github.com/fullsend-ai/fullsend/issues/507
2026-05-04T10:11:51Z,fullsend-ai-review[bot],fullsend,474,https://github.com/fullsend-ai/fullsend/pull/474
2026-05-04T13:57:17Z,fullsend-ai-review[bot],fullsend,613,https://github.com/fullsend-ai/fullsend/pull/613
2026-05-04T14:58:20Z,github-project-automation[bot],fullsend,276,https://github.com/fullsend-ai/fullsend/issues/276
2026-05-04T18:04:32Z,fullsend-ai-fullsend[bot],experiments,16,https://github.com/fullsend-ai/experiments/pull/16
2026-05-04T18:09:20Z,fullsend-ai-review[bot],experiments,16,https://github.com/fullsend-ai/experiments/pull/16
2026-05-04T18:13:13Z,github-project-automation[bot],fullsend,75,https://github.com/fullsend-ai/fullsend/issues/75
2026-05-04T18:15:20Z,github-project-automation[bot],fullsend,641,https://github.com/fullsend-ai/fullsend/issues/641
2026-05-04T18:21:51Z,fullsend-ai-triage[bot],fullsend,77,https://github.com/fullsend-ai/fullsend/issues/77
2026-05-04T18:28:50Z,fullsend-ai-review[bot],fullsend,613,https://github.com/fullsend-ai/fullsend/pull/613
2026-05-04T18:57:37Z,github-project-automation[bot],fullsend,648,https://github.com/fullsend-ai/fullsend/issues/648
2026-05-04T19:35:44Z,fullsend-ai-review[bot],fullsend,399,https://github.com/fullsend-ai/fullsend/pull/399
2026-05-04T20:51:19Z,github-merge-queue[bot],fullsend,493,https://github.com/fullsend-ai/fullsend/pull/493
2026-05-04T21:29:10Z,github-project-automation[bot],fullsend,648,https://github.com/fullsend-ai/fullsend/issues/648
2026-05-04T21:43:43Z,fullsend-ai-triage[bot],fullsend,173,https://github.com/fullsend-ai/fullsend/issues/173
2026-05-04T22:21:22Z,fullsend-ai-triage[bot],fullsend,200,https://github.com/fullsend-ai/fullsend/issues/200
2026-05-05T01:04:45Z,fullsend-ai-triage[bot],fullsend,280,https://github.com/fullsend-ai/fullsend/issues/280
2026-05-05T01:09:37Z,fullsend-ai-triage[bot],fullsend,281,https://github.com/fullsend-ai/fullsend/issues/281
2026-05-05T02:39:45Z,fullsend-ai-triage[bot],fullsend,315,https://github.com/fullsend-ai/fullsend/issues/315
2026-05-05T07:47:56Z,github-project-automation[bot],fullsend,497,https://github.com/fullsend-ai/fullsend/issues/497
2026-05-05T08:02:11Z,github-merge-queue[bot],fullsend,293,https://github.com/fullsend-ai/fullsend/pull/293
2026-05-05T10:03:22Z,github-project-automation[bot],fullsend,324,https://github.com/fullsend-ai/fullsend/issues/324
2026-05-05T10:37:13Z,fullsend-ai-review[bot],fullsend,293,https://github.com/fullsend-ai/fullsend/pull/293
2026-05-05T12:03:51Z,fullsend-ai-review[bot],fullsend,612,https://github.com/fullsend-ai/fullsend/pull/612
2026-05-05T12:59:43Z,github-project-automation[bot],fullsend,630,https://github.com/fullsend-ai/fullsend/issues/630
2026-05-05T13:24:15Z,github-project-automation[bot],fullsend,647,https://github.com/fullsend-ai/fullsend/issues/647
2026-05-05T13:25:36Z,fullsend-ai-review[bot],fullsend,293,https://github.com/fullsend-ai/fullsend/pull/293
2026-05-05T13:29:43Z,github-merge-queue[bot],fullsend,293,https://github.com/fullsend-ai/fullsend/pull/293
2026-05-05T14:49:36Z,github-project-automation[bot],fullsend,461,https://github.com/fullsend-ai/fullsend/issues/461
2026-05-05T14:56:58Z,fullsend-ai-triage[bot],fullsend,365,https://github.com/fullsend-ai/fullsend/issues/365
2026-05-05T15:33:15Z,fullsend-ai-triage[bot],fullsend,401,https://github.com/fullsend-ai/fullsend/issues/401
2026-05-05T15:37:59Z,fullsend-ai-triage[bot],fullsend,402,https://github.com/fullsend-ai/fullsend/issues/402
2026-05-05T16:28:42Z,fullsend-ai-triage[bot],fullsend,426,https://github.com/fullsend-ai/fullsend/issues/426
2026-05-05T16:48:02Z,fullsend-ai-triage[bot],fullsend,436,https://github.com/fullsend-ai/fullsend/issues/436
2026-05-05T17:22:13Z,fullsend-ai-triage[bot],fullsend,458,https://github.com/fullsend-ai/fullsend/issues/458
2026-05-05T17:43:34Z,fullsend-ai-triage[bot],fullsend,460,https://github.com/fullsend-ai/fullsend/issues/460
2026-05-05T17:46:48Z,fullsend-ai-triage[bot],fullsend,461,https://github.com/fullsend-ai/fullsend/issues/461
2026-05-05T20:47:54Z,fullsend-ai-triage[bot],fullsend,559,https://github.com/fullsend-ai/fullsend/issues/559
2026-05-05T21:06:31Z,fullsend-ai-triage[bot],fullsend,628,https://github.com/fullsend-ai/fullsend/issues/628
2026-05-05T21:19:54Z,fullsend-ai-triage[bot],fullsend,575,https://github.com/fullsend-ai/fullsend/issues/575
2026-05-05T21:32:01Z,fullsend-ai-triage[bot],fullsend,670,https://github.com/fullsend-ai/fullsend/issues/670
2026-05-05T21:39:02Z,fullsend-ai-review[bot],fullsend,568,https://github.com/fullsend-ai/fullsend/pull/568
2026-05-05T21:59:32Z,fullsend-ai-triage[bot],fullsend,669,https://github.com/fullsend-ai/fullsend/issues/669
2026-05-05T21:59:33Z,fullsend-ai-triage[bot],fullsend,670,https://github.com/fullsend-ai/fullsend/issues/670
2026-05-05T22:01:30Z,github-project-automation[bot],fullsend,670,https://github.com/fullsend-ai/fullsend/issues/670
2026-05-05T22:08:42Z,fullsend-ai-triage[bot],fullsend,378,https://github.com/fullsend-ai/fullsend/issues/378
2026-05-05T22:34:24Z,fullsend-ai-triage[bot],fullsend,628,https://github.com/fullsend-ai/fullsend/issues/628
2026-05-05T22:43:09Z,fullsend-ai-triage[bot],fullsend,638,https://github.com/fullsend-ai/fullsend/issues/638
2026-05-05T22:46:45Z,fullsend-ai-triage[bot],fullsend,643,https://github.com/fullsend-ai/fullsend/issues/643
2026-05-05T22:51:23Z,fullsend-ai-triage[bot],fullsend,649,https://github.com/fullsend-ai/fullsend/issues/649
2026-05-05T22:55:12Z,fullsend-ai-triage[bot],fullsend,669,https://github.com/fullsend-ai/fullsend/issues/669
2026-05-05T22:56:14Z,fullsend-ai-triage[bot],fullsend,670,https://github.com/fullsend-ai/fullsend/issues/670
2026-05-05T23:01:25Z,github-project-automation[bot],fullsend,670,https://github.com/fullsend-ai/fullsend/issues/670
2026-05-05T23:21:15Z,github-project-automation[bot],fullsend,420,https://github.com/fullsend-ai/fullsend/issues/420
2026-05-05T23:21:15Z,github-project-automation[bot],fullsend,490,https://github.com/fullsend-ai/fullsend/issues/490
2026-05-05T23:27:43Z,github-project-automation[bot],fullsend,510,https://github.com/fullsend-ai/fullsend/issues/510
2026-05-05T23:27:43Z,github-project-automation[bot],fullsend,511,https://github.com/fullsend-ai/fullsend/issues/511
2026-05-06T01:02:27Z,fullsend-ai-review[bot],fullsend,625,https://github.com/fullsend-ai/fullsend/pull/625
2026-05-06T01:14:30Z,fullsend-ai-review[bot],fullsend,625,https://github.com/fullsend-ai/fullsend/pull/625
2026-05-06T02:44:39Z,fullsend-ai-review[bot],fullsend,657,https://github.com/fullsend-ai/fullsend/pull/657
2026-05-06T07:28:20Z,github-project-automation[bot],fullsend,609,https://github.com/fullsend-ai/fullsend/issues/609
2026-05-06T08:21:24Z,github-project-automation[bot],fullsend,519,https://github.com/fullsend-ai/fullsend/issues/519
2026-05-06T08:24:33Z,fullsend-ai-triage[bot],fullsend,646,https://github.com/fullsend-ai/fullsend/issues/646
2026-05-06T08:24:37Z,github-project-automation[bot],fullsend,646,https://github.com/fullsend-ai/fullsend/issues/646
2026-05-06T10:23:21Z,github-project-automation[bot],fullsend,548,https://github.com/fullsend-ai/fullsend/issues/548
2026-05-06T11:56:30Z,github-project-automation[bot],fullsend,149,https://github.com/fullsend-ai/fullsend/issues/149
2026-05-06T13:17:28Z,fullsend-ai-triage[bot],fullsend,682,https://github.com/fullsend-ai/fullsend/issues/682
2026-05-06T13:23:05Z,github-project-automation[bot],fullsend,682,https://github.com/fullsend-ai/fullsend/issues/682
2026-05-06T13:23:42Z,fullsend-ai-review[bot],fullsend,657,https://github.com/fullsend-ai/fullsend/pull/657
2026-05-06T13:33:40Z,github-project-automation[bot],fullsend,682,https://github.com/fullsend-ai/fullsend/issues/682
2026-05-06T13:35:31Z,github-project-automation[bot],fullsend,89,https://github.com/fullsend-ai/fullsend/issues/89
2026-05-06T14:13:51Z,github-project-automation[bot],fullsend,131,https://github.com/fullsend-ai/fullsend/issues/131
2026-05-06T14:21:14Z,github-project-automation[bot],fullsend,78,https://github.com/fullsend-ai/fullsend/issues/78
2026-05-06T14:29:20Z,github-project-automation[bot],fullsend,94,https://github.com/fullsend-ai/fullsend/issues/94
2026-05-06T14:29:22Z,fullsend-ai-review[bot],fullsend,657,https://github.com/fullsend-ai/fullsend/pull/657
2026-05-06T14:29:22Z,github-project-automation[bot],fullsend,93,https://github.com/fullsend-ai/fullsend/issues/93
2026-05-06T14:35:52Z,fullsend-ai-review[bot],fullsend,586,https://github.com/fullsend-ai/fullsend/pull/586
2026-05-06T15:16:02Z,fullsend-ai-review[bot],fullsend,601,https://github.com/fullsend-ai/fullsend/pull/601
2026-05-06T15:30:50Z,fullsend-ai-review[bot],fullsend,601,https://github.com/fullsend-ai/fullsend/pull/601
2026-05-06T16:05:38Z,fullsend-ai-triage[bot],fullsend,414,https://github.com/fullsend-ai/fullsend/issues/414
2026-05-06T16:07:58Z,fullsend-ai-triage[bot],fullsend,414,https://github.com/fullsend-ai/fullsend/issues/414
2026-05-06T16:15:45Z,github-project-automation[bot],fullsend,536,https://github.com/fullsend-ai/fullsend/issues/536
2026-05-06T16:59:32Z,fullsend-ai-fullsend[bot],experiments,17,https://github.com/fullsend-ai/experiments/pull/17
2026-05-06T17:33:00Z,fullsend-ai-fullsend[bot],experiments,18,https://github.com/fullsend-ai/experiments/pull/18
2026-05-06T18:46:24Z,github-project-automation[bot],fullsend,609,https://github.com/fullsend-ai/fullsend/issues/609
2026-05-06T19:29:10Z,fullsend-ai-review[bot],fullsend,699,https://github.com/fullsend-ai/fullsend/pull/699
2026-05-06T20:01:20Z,fullsend-ai-review[bot],fullsend,699,https://github.com/fullsend-ai/fullsend/pull/699
2026-05-06T20:23:23Z,fullsend-ai-review[bot],fullsend,699,https://github.com/fullsend-ai/fullsend/pull/699
2026-05-06T20:25:12Z,github-project-automation[bot],fullsend,414,https://github.com/fullsend-ai/fullsend/issues/414
2026-05-06T20:25:52Z,fullsend-ai-triage[bot],fullsend,634,https://github.com/fullsend-ai/fullsend/issues/634
2026-05-06T20:32:14Z,github-project-automation[bot],fullsend,634,https://github.com/fullsend-ai/fullsend/issues/634
2026-05-06T20:46:06Z,github-project-automation[bot],fullsend,634,https://github.com/fullsend-ai/fullsend/issues/634
2026-05-06T21:39:00Z,fullsend-ai-triage[bot],fullsend,222,https://github.com/fullsend-ai/fullsend/issues/222
2026-05-06T21:39:02Z,fullsend-ai-triage[bot],fullsend,636,https://github.com/fullsend-ai/fullsend/issues/636
2026-05-07T06:14:55Z,github-project-automation[bot],fullsend,529,https://github.com/fullsend-ai/fullsend/issues/529
2026-05-07T06:14:55Z,github-project-automation[bot],fullsend,573,https://github.com/fullsend-ai/fullsend/issues/573
2026-05-07T06:14:55Z,github-project-automation[bot],fullsend,574,https://github.com/fullsend-ai/fullsend/issues/574
2026-05-07T06:38:40Z,fullsend-ai-review[bot],fullsend,689,https://github.com/fullsend-ai/fullsend/pull/689
2026-05-07T06:44:51Z,github-project-automation[bot],fullsend,668,https://github.com/fullsend-ai/fullsend/issues/668
2026-05-07T07:04:21Z,fullsend-ai-triage[bot],fullsend,664,https://github.com/fullsend-ai/fullsend/issues/664
2026-05-07T07:06:43Z,fullsend-ai-triage[bot],fullsend,664,https://github.com/fullsend-ai/fullsend/issues/664
2026-05-07T09:09:24Z,fullsend-ai-triage[bot],fullsend,596,https://github.com/fullsend-ai/fullsend/issues/596
2026-05-07T09:10:42Z,fullsend-ai-triage[bot],fullsend,597,https://github.com/fullsend-ai/fullsend/issues/597
2026-05-07T09:11:30Z,fullsend-ai-triage[bot],fullsend,596,https://github.com/fullsend-ai/fullsend/issues/596
2026-05-07T09:11:46Z,github-actions[bot],fullsend,596,https://github.com/fullsend-ai/fullsend/issues/596
2026-05-07T09:14:03Z,github-actions[bot],fullsend,597,https://github.com/fullsend-ai/fullsend/issues/597
2026-05-07T09:20:14Z,github-project-automation[bot],fullsend,597,https://github.com/fullsend-ai/fullsend/issues/597
2026-05-07T10:12:47Z,fullsend-ai-triage[bot],fullsend,705,https://github.com/fullsend-ai/fullsend/issues/705
2026-05-07T10:15:52Z,fullsend-ai-triage[bot],fullsend,705,https://github.com/fullsend-ai/fullsend/issues/705
2026-05-07T10:16:05Z,github-actions[bot],fullsend,705,https://github.com/fullsend-ai/fullsend/issues/705
2026-05-07T10:55:26Z,fullsend-ai-review[bot],fullsend,707,https://github.com/fullsend-ai/fullsend/pull/707
2026-05-07T11:03:04Z,github-project-automation[bot],fullsend,702,https://github.com/fullsend-ai/fullsend/issues/702
2026-05-07T12:30:04Z,fullsend-ai-triage[bot],fullsend,639,https://github.com/fullsend-ai/fullsend/issues/639
2026-05-07T14:52:02Z,github-actions[bot],fullsend,705,https://github.com/fullsend-ai/fullsend/issues/705
2026-05-07T14:53:22Z,fullsend-ai-triage[bot],fullsend,705,https://github.com/fullsend-ai/fullsend/issues/705
2026-05-07T14:55:21Z,fullsend-ai-triage[bot],fullsend,705,https://github.com/fullsend-ai/fullsend/issues/705
2026-05-07T14:55:45Z,github-actions[bot],fullsend,705,https://github.com/fullsend-ai/fullsend/issues/705
2026-05-07T14:56:16Z,github-project-automation[bot],fullsend,597,https://github.com/fullsend-ai/fullsend/issues/597
2026-05-07T16:09:06Z,fullsend-ai-triage[bot],fullsend,705,https://github.com/fullsend-ai/fullsend/issues/705
2026-05-07T16:26:28Z,github-project-automation[bot],fullsend,705,https://github.com/fullsend-ai/fullsend/issues/705
2026-05-07T16:49:22Z,fullsend-ai-triage[bot],fullsend,707,https://github.com/fullsend-ai/fullsend/pull/707
2026-05-07T16:49:23Z,fullsend-ai-triage[bot],fullsend,655,https://github.com/fullsend-ai/fullsend/pull/655
2026-05-07T16:49:23Z,fullsend-ai-triage[bot],fullsend,705,https://github.com/fullsend-ai/fullsend/issues/705
2026-05-07T17:28:41Z,fullsend-ai-triage[bot],fullsend,725,https://github.com/fullsend-ai/fullsend/issues/725
2026-05-07T18:05:14Z,fullsend-ai-fullsend[bot],.fullsend,15,https://github.com/fullsend-ai/.fullsend/pull/15
2026-05-07T18:10:30Z,fullsend-ai-fullsend[bot],experiments,20,https://github.com/fullsend-ai/experiments/pull/20
2026-05-07T18:10:32Z,fullsend-ai-fullsend[bot],.fullsend,16,https://github.com/fullsend-ai/.fullsend/pull/16
2026-05-07T18:26:33Z,github-project-automation[bot],fullsend,701,https://github.com/fullsend-ai/fullsend/issues/701
2026-05-07T18:30:07Z,github-actions[bot],fullsend,726,https://github.com/fullsend-ai/fullsend/pull/726
2026-05-07T18:31:27Z,github-actions[bot],fullsend,726,https://github.com/fullsend-ai/fullsend/pull/726
2026-05-07T18:34:52Z,fullsend-ai-review[bot],fullsend,726,https://github.com/fullsend-ai/fullsend/pull/726
2026-05-07T19:29:54Z,github-actions[bot],fullsend,735,https://github.com/fullsend-ai/fullsend/pull/735
2026-05-07T19:43:48Z,github-actions[bot],fullsend,726,https://github.com/fullsend-ai/fullsend/pull/726
2026-05-07T19:45:06Z,github-actions[bot],fullsend,726,https://github.com/fullsend-ai/fullsend/pull/726
2026-05-07T19:48:32Z,fullsend-ai-review[bot],fullsend,726,https://github.com/fullsend-ai/fullsend/pull/726
2026-05-07T20:10:56Z,github-project-automation[bot],fullsend,705,https://github.com/fullsend-ai/fullsend/issues/705
2026-05-07T20:27:45Z,github-project-automation[bot],fullsend,721,https://github.com/fullsend-ai/fullsend/issues/721
2026-05-07T20:38:21Z,fullsend-ai-triage[bot],fullsend,502,https://github.com/fullsend-ai/fullsend/issues/502
2026-05-07T20:40:17Z,fullsend-ai-triage[bot],fullsend,502,https://github.com/fullsend-ai/fullsend/issues/502
2026-05-07T20:40:44Z,github-actions[bot],fullsend,502,https://github.com/fullsend-ai/fullsend/issues/502
2026-05-07T20:51:31Z,github-actions[bot],fullsend,735,https://github.com/fullsend-ai/fullsend/pull/735
2026-05-07T20:56:29Z,fullsend-ai-review[bot],fullsend,735,https://github.com/fullsend-ai/fullsend/pull/735
2026-05-07T21:16:43Z,github-actions[bot],fullsend,735,https://github.com/fullsend-ai/fullsend/pull/735
2026-05-07T21:18:54Z,github-project-automation[bot],fullsend,701,https://github.com/fullsend-ai/fullsend/issues/701
